Location,Indicator,Value,DenominatorWeighted,DenominatorUnweighted
#loc+name,#indicator+name,#indicator+value+num,,
New Delhi,Households with at least one insecticide-treated mosquito net (ITN),1.5,9026,6050
Haryana,Households with at least one insecticide-treated mosquito net (ITN),6.3,12678,17332
Himachal Pradesh,Households with at least one insecticide-treated mosquito net (ITN),1.7,3441,9225
"Jammu, Kashmir & Ladakh",Households with at least one insecticide-treated mosquito net (ITN),1.6,5161,17894
Punjab,Households with at least one insecticide-treated mosquito net (ITN),4,12928,16449
Rajasthan,Households with at least one insecticide-treated mosquito net (ITN),0.8,30407,34915
"Madhya Pradesh, inc Chhattisgarh",Households with at least one insecticide-treated mosquito net (ITN),8,50091,72317
Madhya Pradesh,Households with at least one insecticide-treated mosquito net (ITN),5.8,36589,52042
Chhattisgarh,Households with at least one insecticide-treated mosquito net (ITN),13.7,13502,20275
"Uttar Pradesh, inc Uttarakhand",Households with at least one insecticide-treated mosquito net (ITN),3.8,86817,91404
Uttar Pradesh,Households with at least one insecticide-treated mosquito net (ITN),3.7,81766,76233
Uttarakhand,Households with at least one insecticide-treated mosquito net (ITN),4.6,5051,15171
"Bihar, inc Jharkhand",Households with at least one insecticide-treated mosquito net (ITN),8.2,61047,62495
Bihar,Households with at least one insecticide-treated mosquito net (ITN),9.5,45795,36772
Jharkhand,Households with at least one insecticide-treated mosquito net (ITN),4,15252,25723
Odisha,Households with at least one insecticide-treated mosquito net (ITN),19,22444,30242
West Bengal,Households with at least one insecticide-treated mosquito net (ITN),28.9,48114,15327
Arunachal Pradesh,Households with at least one insecticide-treated mosquito net (ITN),40.6,568,14617
Assam,Households with at least one insecticide-treated mosquito net (ITN),7.7,14674,24542
Manipur,Households with at least one insecticide-treated mosquito net (ITN),3.9,1042,11724
Meghalaya,Households with at least one insecticide-treated mosquito net (ITN),2.4,1264,7327
Mizoram,Households with at least one insecticide-treated mosquito net (ITN),52,515,11397
Nagaland,Households with at least one insecticide-treated mosquito net (ITN),66.9,791,11213
Sikkim,Households with at least one insecticide-treated mosquito net (ITN),0.3,282,4662
Tripura,Households with at least one insecticide-treated mosquito net (ITN),12.4,2018,4510
Goa,Households with at least one insecticide-treated mosquito net (ITN),2,821,1588
Gujarat,Households with at least one insecticide-treated mosquito net (ITN),3.7,28406,20524
Maharashtra,Households with at least one insecticide-treated mosquito net (ITN),8.7,59131,26890
Andhra Pradesh including Telangana,Households with at least one insecticide-treated mosquito net (ITN),3.7,50054,18051
Andhra Pradesh,Households with at least one insecticide-treated mosquito net (ITN),5.1,28988,10265
Telangana,Households with at least one insecticide-treated mosquito net (ITN),1.7,21066,7786
Karnataka,Households with at least one insecticide-treated mosquito net (ITN),4.5,30952,23842
Kerala,Households with at least one insecticide-treated mosquito net (ITN),1.8,20213,11555
Tamil Nadu,Households with at least one insecticide-treated mosquito net (ITN),2,46947,26033
Andaman and Nicobar Islands,Households with at least one insecticide-treated mosquito net (ITN),32.7,199,2413
Chandigarh,Households with at least one insecticide-treated mosquito net (ITN),0.8,514,751
Dadra and Nagar Haveli,Households with at least one insecticide-treated mosquito net (ITN),6.3,168,751
Daman and Diu,Households with at least one insecticide-treated mosquito net (ITN),3,110,1523
Lakshadweep,Households with at least one insecticide-treated mosquito net (ITN),2.2,30,741
Puducherry,Households with at least one insecticide-treated mosquito net (ITN),1.1,656,3205
New Delhi,Households with at least one insecticide-treated mosquito net (ITN) for every two persons who stayed in the household the previous night,0.5,9008,6038
Haryana,Households with at least one insecticide-treated mosquito net (ITN) for every two persons who stayed in the household the previous night,2.2,12676,17329
Himachal Pradesh,Households with at least one insecticide-treated mosquito net (ITN) for every two persons who stayed in the household the previous night,0.7,3427,9181
"Jammu, Kashmir & Ladakh",Households with at least one insecticide-treated mosquito net (ITN) for every two persons who stayed in the household the previous night,0.4,5157,17879
Punjab,Households with at least one insecticide-treated mosquito net (ITN) for every two persons who stayed in the household the previous night,1.1,12919,16438
Rajasthan,Households with at least one insecticide-treated mosquito net (ITN) for every two persons who stayed in the household the previous night,0.3,30377,34881
"Madhya Pradesh, inc Chhattisgarh",Households with at least one insecticide-treated mosquito net (ITN) for every two persons who stayed in the household the previous night,3,49932,72098
Madhya Pradesh,Households with at least one insecticide-treated mosquito net (ITN) for every two persons who stayed in the household the previous night,2.3,36488,51903
Chhattisgarh,Households with at least one insecticide-treated mosquito net (ITN) for every two persons who stayed in the household the previous night,4.8,13444,20195
"Uttar Pradesh, inc Uttarakhand",Households with at least one insecticide-treated mosquito net (ITN) for every two persons who stayed in the household the previous night,1.6,86683,91264
Uttar Pradesh,Households with at least one insecticide-treated mosquito net (ITN) for every two persons who stayed in the household the previous night,1.6,81636,76104
Uttarakhand,Households with at least one insecticide-treated mosquito net (ITN) for every two persons who stayed in the household the previous night,2.2,5047,15160
"Bihar, inc Jharkhand",Households with at least one insecticide-treated mosquito net (ITN) for every two persons who stayed in the household the previous night,2.8,60970,62418
Bihar,Households with at least one insecticide-treated mosquito net (ITN) for every two persons who stayed in the household the previous night,3.2,45737,36732
Jharkhand,Households with at least one insecticide-treated mosquito net (ITN) for every two persons who stayed in the household the previous night,1.5,15233,25686
Odisha,Households with at least one insecticide-treated mosquito net (ITN) for every two persons who stayed in the household the previous night,8,22401,30192
West Bengal,Households with at least one insecticide-treated mosquito net (ITN) for every two persons who stayed in the household the previous night,17.1,48016,15294
Arunachal Pradesh,Households with at least one insecticide-treated mosquito net (ITN) for every two persons who stayed in the household the previous night,25.5,567,14605
Assam,Households with at least one insecticide-treated mosquito net (ITN) for every two persons who stayed in the household the previous night,2.4,14666,24528
Manipur,Households with at least one insecticide-treated mosquito net (ITN) for every two persons who stayed in the household the previous night,3,1040,11707
Meghalaya,Households with at least one insecticide-treated mosquito net (ITN) for every two persons who stayed in the household the previous night,1.1,1264,7326
Mizoram,Households with at least one insecticide-treated mosquito net (ITN) for every two persons who stayed in the household the previous night,35.4,514,11356
Nagaland,Households with at least one insecticide-treated mosquito net (ITN) for every two persons who stayed in the household the previous night,42.4,790,11207
Sikkim,Households with at least one insecticide-treated mosquito net (ITN) for every two persons who stayed in the household the previous night,0.1,282,4662
Tripura,Households with at least one insecticide-treated mosquito net (ITN) for every two persons who stayed in the household the previous night,7.3,2017,4508
Goa,Households with at least one insecticide-treated mosquito net (ITN) for every two persons who stayed in the household the previous night,0.4,821,1587
Gujarat,Households with at least one insecticide-treated mosquito net (ITN) for every two persons who stayed in the household the previous night,1.2,28290,20461
Maharashtra,Households with at least one insecticide-treated mosquito net (ITN) for every two persons who stayed in the household the previous night,3,58912,26821
Andhra Pradesh including Telangana,Households with at least one insecticide-treated mosquito net (ITN) for every two persons who stayed in the household the previous night,1.6,49944,18010
Andhra Pradesh,Households with at least one insecticide-treated mosquito net (ITN) for every two persons who stayed in the household the previous night,2.4,28948,10251
Telangana,Households with at least one insecticide-treated mosquito net (ITN) for every two persons who stayed in the household the previous night,0.4,20996,7759
Karnataka,Households with at least one insecticide-treated mosquito net (ITN) for every two persons who stayed in the household the previous night,1.4,30921,23808
Kerala,Households with at least one insecticide-treated mosquito net (ITN) for every two persons who stayed in the household the previous night,0.6,20163,11533
Tamil Nadu,Households with at least one insecticide-treated mosquito net (ITN) for every two persons who stayed in the household the previous night,0.4,46921,26017
Andaman and Nicobar Islands,Households with at least one insecticide-treated mosquito net (ITN) for every two persons who stayed in the household the previous night,20.4,198,2410
Chandigarh,Households with at least one insecticide-treated mosquito net (ITN) for every two persons who stayed in the household the previous night,0.1,514,751
Dadra and Nagar Haveli,Households with at least one insecticide-treated mosquito net (ITN) for every two persons who stayed in the household the previous night,2,167,749
Daman and Diu,Households with at least one insecticide-treated mosquito net (ITN) for every two persons who stayed in the household the previous night,0.9,109,1519
Lakshadweep,Households with at least one insecticide-treated mosquito net (ITN) for every two persons who stayed in the household the previous night,0.9,30,739
Puducherry,Households with at least one insecticide-treated mosquito net (ITN) for every two persons who stayed in the household the previous night,0.2,656,3205
New Delhi,Persons with access to an insecticide-treated mosquito net (ITN),1,40376,26694
Haryana,Persons with access to an insecticide-treated mosquito net (ITN),4.2,62726,86653
Himachal Pradesh,Persons with access to an insecticide-treated mosquito net (ITN),1.2,14471,38624
"Jammu, Kashmir & Ladakh",Persons with access to an insecticide-treated mosquito net (ITN),0.9,26082,92153
Punjab,Persons with access to an insecticide-treated mosquito net (ITN),2.6,60364,77159
Rajasthan,Persons with access to an insecticide-treated mosquito net (ITN),0.5,149808,171878
"Madhya Pradesh, inc Chhattisgarh",Persons with access to an insecticide-treated mosquito net (ITN),5.2,236030,342443
Madhya Pradesh,Persons with access to an insecticide-treated mosquito net (ITN),3.9,174969,250728
Chhattisgarh,Persons with access to an insecticide-treated mosquito net (ITN),8.7,61061,91715
"Uttar Pradesh, inc Uttarakhand",Persons with access to an insecticide-treated mosquito net (ITN),2.7,444573,461730
Uttar Pradesh,Persons with access to an insecticide-treated mosquito net (ITN),2.7,422171,395297
Uttarakhand,Persons with access to an insecticide-treated mosquito net (ITN),3.5,22402,66433
"Bihar, inc Jharkhand",Persons with access to an insecticide-treated mosquito net (ITN),5.2,313543,316395
Bihar,Persons with access to an insecticide-treated mosquito net (ITN),5.9,241131,194058
Jharkhand,Persons with access to an insecticide-treated mosquito net (ITN),2.8,72412,122337
Odisha,Persons with access to an insecticide-treated mosquito net (ITN),13.7,92805,126085
West Bengal,Persons with access to an insecticide-treated mosquito net (ITN),23.5,203041,65054
Arunachal Pradesh,Persons with access to an insecticide-treated mosquito net (ITN),34.7,2329,58042
Assam,Persons with access to an insecticide-treated mosquito net (ITN),4.6,65690,110194
Manipur,Persons with access to an insecticide-treated mosquito net (ITN),3.4,4782,53810
Meghalaya,Persons with access to an insecticide-treated mosquito net (ITN),1.7,6350,37053
Mizoram,Persons with access to an insecticide-treated mosquito net (ITN),43.3,2287,50300
Nagaland,Persons with access to an insecticide-treated mosquito net (ITN),54.7,3280,45877
Sikkim,Persons with access to an insecticide-treated mosquito net (ITN),0.2,1134,18760
Tripura,Persons with access to an insecticide-treated mosquito net (ITN),10.4,7877,17764
Goa,Persons with access to an insecticide-treated mosquito net (ITN),1.1,3250,6310
Gujarat,Persons with access to an insecticide-treated mosquito net (ITN),2.3,130481,94970
Maharashtra,Persons with access to an insecticide-treated mosquito net (ITN),5.4,261108,122042
Andhra Pradesh including Telangana,Persons with access to an insecticide-treated mosquito net (ITN),2.6,192121,69344
Andhra Pradesh,Persons with access to an insecticide-treated mosquito net (ITN),3.8,111205,39639
Telangana,Persons with access to an insecticide-treated mosquito net (ITN),1,80916,29705
Karnataka,Persons with access to an insecticide-treated mosquito net (ITN),2.8,133436,104382
Kerala,Persons with access to an insecticide-treated mosquito net (ITN),1.2,79406,45198
Tamil Nadu,Persons with access to an insecticide-treated mosquito net (ITN),1.2,180079,99881
Andaman and Nicobar Islands,Persons with access to an insecticide-treated mosquito net (ITN),26.3,778,10013
Chandigarh,Persons with access to an insecticide-treated mosquito net (ITN),0.4,2157,3165
Dadra and Nagar Haveli,Persons with access to an insecticide-treated mosquito net (ITN),3.9,749,3338
Daman and Diu,Persons with access to an insecticide-treated mosquito net (ITN),1.9,401,5821
Lakshadweep,Persons with access to an insecticide-treated mosquito net (ITN),1,163,3989
Puducherry,Persons with access to an insecticide-treated mosquito net (ITN),0.6,2684,13544
New Delhi,Population who slept under an insecticide-treated mosquito net (ITN) last night,0.5,40376,26694
Haryana,Population who slept under an insecticide-treated mosquito net (ITN) last night,1.7,62726,86653
Himachal Pradesh,Population who slept under an insecticide-treated mosquito net (ITN) last night,0.1,14471,38624
"Jammu, Kashmir & Ladakh",Population who slept under an insecticide-treated mosquito net (ITN) last night,0,26082,92153
Punjab,Population who slept under an insecticide-treated mosquito net (ITN) last night,0.4,60364,77159
Rajasthan,Population who slept under an insecticide-treated mosquito net (ITN) last night,0.1,149808,171878
"Madhya Pradesh, inc Chhattisgarh",Population who slept under an insecticide-treated mosquito net (ITN) last night,2.5,236030,342443
Madhya Pradesh,Population who slept under an insecticide-treated mosquito net (ITN) last night,1.7,174969,250728
Chhattisgarh,Population who slept under an insecticide-treated mosquito net (ITN) last night,4.8,61061,91715
"Uttar Pradesh, inc Uttarakhand",Population who slept under an insecticide-treated mosquito net (ITN) last night,1.7,444573,461730
Uttar Pradesh,Population who slept under an insecticide-treated mosquito net (ITN) last night,1.7,422171,395297
Uttarakhand,Population who slept under an insecticide-treated mosquito net (ITN) last night,1.2,22402,66433
"Bihar, inc Jharkhand",Population who slept under an insecticide-treated mosquito net (ITN) last night,5.6,313543,316395
Bihar,Population who slept under an insecticide-treated mosquito net (ITN) last night,6.6,241131,194058
Jharkhand,Population who slept under an insecticide-treated mosquito net (ITN) last night,2.3,72412,122337
Odisha,Population who slept under an insecticide-treated mosquito net (ITN) last night,9.4,92805,126085
West Bengal,Population who slept under an insecticide-treated mosquito net (ITN) last night,24.9,203041,65054
Arunachal Pradesh,Population who slept under an insecticide-treated mosquito net (ITN) last night,31.8,2329,58042
Assam,Population who slept under an insecticide-treated mosquito net (ITN) last night,4.6,65690,110194
Manipur,Population who slept under an insecticide-treated mosquito net (ITN) last night,3.2,4782,53810
Meghalaya,Population who slept under an insecticide-treated mosquito net (ITN) last night,1.6,6350,37053
Mizoram,Population who slept under an insecticide-treated mosquito net (ITN) last night,27.7,2287,50300
Nagaland,Population who slept under an insecticide-treated mosquito net (ITN) last night,23,3280,45877
Sikkim,Population who slept under an insecticide-treated mosquito net (ITN) last night,0.1,1134,18760
Tripura,Population who slept under an insecticide-treated mosquito net (ITN) last night,11.5,7877,17764
Goa,Population who slept under an insecticide-treated mosquito net (ITN) last night,0.8,3250,6310
Gujarat,Population who slept under an insecticide-treated mosquito net (ITN) last night,0.7,130481,94970
Maharashtra,Population who slept under an insecticide-treated mosquito net (ITN) last night,3.1,261108,122042
Andhra Pradesh including Telangana,Population who slept under an insecticide-treated mosquito net (ITN) last night,1.5,192121,69344
Andhra Pradesh,Population who slept under an insecticide-treated mosquito net (ITN) last night,2.1,111205,39639
Telangana,Population who slept under an insecticide-treated mosquito net (ITN) last night,0.8,80916,29705
Karnataka,Population who slept under an insecticide-treated mosquito net (ITN) last night,2.5,133436,104382
Kerala,Population who slept under an insecticide-treated mosquito net (ITN) last night,0.8,79406,45198
Tamil Nadu,Population who slept under an insecticide-treated mosquito net (ITN) last night,0.5,180079,99881
Andaman and Nicobar Islands,Population who slept under an insecticide-treated mosquito net (ITN) last night,23.5,778,10013
Chandigarh,Population who slept under an insecticide-treated mosquito net (ITN) last night,0.1,2157,3165
Dadra and Nagar Haveli,Population who slept under an insecticide-treated mosquito net (ITN) last night,3,749,3338
Daman and Diu,Population who slept under an insecticide-treated mosquito net (ITN) last night,1.5,401,5821
Lakshadweep,Population who slept under an insecticide-treated mosquito net (ITN) last night,0.5,163,3989
Puducherry,Population who slept under an insecticide-treated mosquito net (ITN) last night,0.4,2684,13544
New Delhi,Children under 5 who slept under an insecticide-treated net (ITN),0.5,2893,1796
Haryana,Children under 5 who slept under an insecticide-treated net (ITN),2.1,5642,7759
Himachal Pradesh,Children under 5 who slept under an insecticide-treated net (ITN),0.3,1102,2953
"Jammu, Kashmir & Ladakh",Children under 5 who slept under an insecticide-treated net (ITN),0.1,2173,8169
Punjab,Children under 5 who slept under an insecticide-treated net (ITN),0.7,4102,5218
Rajasthan,Children under 5 who slept under an insecticide-treated net (ITN),0.1,14660,16807
"Madhya Pradesh, inc Chhattisgarh",Children under 5 who slept under an insecticide-treated net (ITN),3.4,22749,33259
Madhya Pradesh,Children under 5 who slept under an insecticide-treated net (ITN),2.2,16764,24230
Chhattisgarh,Children under 5 who slept under an insecticide-treated net (ITN),7.1,5985,9029
"Uttar Pradesh, inc Uttarakhand",Children under 5 who slept under an insecticide-treated net (ITN),1.9,45078,46387
Uttar Pradesh,Children under 5 who slept under an insecticide-treated net (ITN),1.9,43103,40572
Uttarakhand,Children under 5 who slept under an insecticide-treated net (ITN),1.7,1975,5815
"Bihar, inc Jharkhand",Children under 5 who slept under an insecticide-treated net (ITN),6.3,38069,37003
Bihar,Children under 5 who slept under an insecticide-treated net (ITN),7.2,30781,24754
Jharkhand,Children under 5 who slept under an insecticide-treated net (ITN),2.7,7288,12249
Odisha,Children under 5 who slept under an insecticide-treated net (ITN),12.1,8017,10927
West Bengal,Children under 5 who slept under an insecticide-treated net (ITN),25.7,16536,5341
Arunachal Pradesh,Children under 5 who slept under an insecticide-treated net (ITN),31.8,211,5241
Assam,Children under 5 who slept under an insecticide-treated net (ITN),4.4,6007,10156
Manipur,Children under 5 who slept under an insecticide-treated net (ITN),3.6,488,5674
Meghalaya,Children under 5 who slept under an insecticide-treated net (ITN),2,745,4396
Mizoram,Children under 5 who slept under an insecticide-treated net (ITN),28,210,4869
Nagaland,Children under 5 who slept under an insecticide-treated net (ITN),28.2,332,4620
Sikkim,Children under 5 who slept under an insecticide-treated net (ITN),0,60,981
Tripura,Children under 5 who slept under an insecticide-treated net (ITN),11.7,580,1346
Goa,Children under 5 who slept under an insecticide-treated net (ITN),3.2,213,415
Gujarat,Children under 5 who slept under an insecticide-treated net (ITN),1.2,10760,8031
Maharashtra,Children under 5 who slept under an insecticide-treated net (ITN),5,21044,9825
Andhra Pradesh including Telangana,Children under 5 who slept under an insecticide-treated net (ITN),2.1,15814,5758
Andhra Pradesh,Children under 5 who slept under an insecticide-treated net (ITN),2.6,8893,3211
Telangana,Children under 5 who slept under an insecticide-treated net (ITN),1.5,6920,2547
Karnataka,Children under 5 who slept under an insecticide-treated net (ITN),3.3,10343,8090
Kerala,Children under 5 who slept under an insecticide-treated net (ITN),2.6,4406,2509
Tamil Nadu,Children under 5 who slept under an insecticide-treated net (ITN),1.6,14094,7868
Andaman and Nicobar Islands,Children under 5 who slept under an insecticide-treated net (ITN),26.4,51,697
Chandigarh,Children under 5 who slept under an insecticide-treated net (ITN),1.2,140,207
Dadra and Nagar Haveli,Children under 5 who slept under an insecticide-treated net (ITN),4.8,74,328
Daman and Diu,Children under 5 who slept under an insecticide-treated net (ITN),2.6,27,414
Lakshadweep,Children under 5 who slept under an insecticide-treated net (ITN),0.6,12,312
Puducherry,Children under 5 who slept under an insecticide-treated net (ITN),1.1,211,1060
New Delhi,Children under 5 who slept under an insecticide-treated mosquito net (ITN) last night of those living in a household with at least one ITN,23.5,62,31
Haryana,Children under 5 who slept under an insecticide-treated mosquito net (ITN) last night of those living in a household with at least one ITN,30.1,390,538
Himachal Pradesh,Children under 5 who slept under an insecticide-treated mosquito net (ITN) last night of those living in a household with at least one ITN,11.4,24,56
"Jammu, Kashmir & Ladakh",Children under 5 who slept under an insecticide-treated mosquito net (ITN) last night of those living in a household with at least one ITN,5.3,41,163
Punjab,Children under 5 who slept under an insecticide-treated mosquito net (ITN) last night of those living in a household with at least one ITN,14.1,199,266
Rajasthan,Children under 5 who slept under an insecticide-treated mosquito net (ITN) last night of those living in a household with at least one ITN,12,143,143
"Madhya Pradesh, inc Chhattisgarh",Children under 5 who slept under an insecticide-treated mosquito net (ITN) last night of those living in a household with at least one ITN,39.4,1989,3369
Madhya Pradesh,Children under 5 who slept under an insecticide-treated mosquito net (ITN) last night of those living in a household with at least one ITN,33.7,1072,1610
Chhattisgarh,Children under 5 who slept under an insecticide-treated mosquito net (ITN) last night of those living in a household with at least one ITN,46,917,1759
"Uttar Pradesh, inc Uttarakhand",Children under 5 who slept under an insecticide-treated mosquito net (ITN) last night of those living in a household with at least one ITN,44.2,1933,1852
Uttar Pradesh,Children under 5 who slept under an insecticide-treated mosquito net (ITN) last night of those living in a household with at least one ITN,44.9,1829,1574
Uttarakhand,Children under 5 who slept under an insecticide-treated mosquito net (ITN) last night of those living in a household with at least one ITN,31.8,105,278
"Bihar, inc Jharkhand",Children under 5 who slept under an insecticide-treated mosquito net (ITN) last night of those living in a household with at least one ITN,72.1,3344,2708
Bihar,Children under 5 who slept under an insecticide-treated mosquito net (ITN) last night of those living in a household with at least one ITN,72.9,3037,2140
Jharkhand,Children under 5 who slept under an insecticide-treated mosquito net (ITN) last night of those living in a household with at least one ITN,64.1,307,568
Odisha,Children under 5 who slept under an insecticide-treated mosquito net (ITN) last night of those living in a household with at least one ITN,54.9,1772,2535
West Bengal,Children under 5 who slept under an insecticide-treated mosquito net (ITN) last night of those living in a household with at least one ITN,85.8,4959,1781
Arunachal Pradesh,Children under 5 who slept under an insecticide-treated mosquito net (ITN) last night of those living in a household with at least one ITN,75.6,89,2247
Assam,Children under 5 who slept under an insecticide-treated mosquito net (ITN) last night of those living in a household with at least one ITN,60.8,439,845
Manipur,Children under 5 who slept under an insecticide-treated mosquito net (ITN) last night of those living in a household with at least one ITN,83.7,21,289
Meghalaya,Children under 5 who slept under an insecticide-treated mosquito net (ITN) last night of those living in a household with at least one ITN,75.6,20,124
Mizoram,Children under 5 who slept under an insecticide-treated mosquito net (ITN) last night of those living in a household with at least one ITN,51.1,115,3220
Nagaland,Children under 5 who slept under an insecticide-treated mosquito net (ITN) last night of those living in a household with at least one ITN,40.1,233,3340
Tripura,Children under 5 who slept under an insecticide-treated mosquito net (ITN) last night of those living in a household with at least one ITN,89.3,76,164
Gujarat,Children under 5 who slept under an insecticide-treated mosquito net (ITN) last night of those living in a household with at least one ITN,28.8,464,397
Maharashtra,Children under 5 who slept under an insecticide-treated mosquito net (ITN) last night of those living in a household with at least one ITN,42.3,2501,1138
Andhra Pradesh including Telangana,Children under 5 who slept under an insecticide-treated mosquito net (ITN) last night of those living in a household with at least one ITN,45.3,739,278
Andhra Pradesh,Children under 5 who slept under an insecticide-treated mosquito net (ITN) last night of those living in a household with at least one ITN,41.6,551,202
Telangana,Children under 5 who slept under an insecticide-treated mosquito net (ITN) last night of those living in a household with at least one ITN,56.2,187,76
Karnataka,Children under 5 who slept under an insecticide-treated mosquito net (ITN) last night of those living in a household with at least one ITN,62.8,537,512
Kerala,Children under 5 who slept under an insecticide-treated mosquito net (ITN) last night of those living in a household with at least one ITN,59.7,193,129
Tamil Nadu,Children under 5 who slept under an insecticide-treated mosquito net (ITN) last night of those living in a household with at least one ITN,41,542,310
Andaman and Nicobar Islands,Children under 5 who slept under an insecticide-treated mosquito net (ITN) last night of those living in a household with at least one ITN,80.2,17,303
Dadra and Nagar Haveli,Children under 5 who slept under an insecticide-treated mosquito net (ITN) last night of those living in a household with at least one ITN,56.7,6,28
Puducherry,Children under 5 who slept under an insecticide-treated mosquito net (ITN) last night of those living in a household with at least one ITN,57.1,4,41
New Delhi,Pregnant women who slept under an insecticide-treated net (ITN),0,383,198
Haryana,Pregnant women who slept under an insecticide-treated net (ITN),2.2,873,1215
Himachal Pradesh,Pregnant women who slept under an insecticide-treated net (ITN),0,128,323
"Jammu, Kashmir & Ladakh",Pregnant women who slept under an insecticide-treated net (ITN),0.2,291,1072
Punjab,Pregnant women who slept under an insecticide-treated net (ITN),0.8,577,734
Rajasthan,Pregnant women who slept under an insecticide-treated net (ITN),0.1,1790,2066
"Madhya Pradesh, inc Chhattisgarh",Pregnant women who slept under an insecticide-treated net (ITN),2.6,2892,4250
Madhya Pradesh,Pregnant women who slept under an insecticide-treated net (ITN),1.7,2150,3093
Chhattisgarh,Pregnant women who slept under an insecticide-treated net (ITN),5.1,741,1157
"Uttar Pradesh, inc Uttarakhand",Pregnant women who slept under an insecticide-treated net (ITN),1.8,6139,6265
Uttar Pradesh,Pregnant women who slept under an insecticide-treated net (ITN),1.8,5905,5585
Uttarakhand,Pregnant women who slept under an insecticide-treated net (ITN),1.3,234,680
"Bihar, inc Jharkhand",Pregnant women who slept under an insecticide-treated net (ITN),7.3,4934,4701
Bihar,Pregnant women who slept under an insecticide-treated net (ITN),8.4,4151,3378
Jharkhand,Pregnant women who slept under an insecticide-treated net (ITN),1.7,783,1323
Odisha,Pregnant women who slept under an insecticide-treated net (ITN),10.6,835,1182
West Bengal,Pregnant women who slept under an insecticide-treated net (ITN),25.4,2127,662
Arunachal Pradesh,Pregnant women who slept under an insecticide-treated net (ITN),39.6,28,744
Assam,Pregnant women who slept under an insecticide-treated net (ITN),3.4,666,1125
Manipur,Pregnant women who slept under an insecticide-treated net (ITN),3.1,60,689
Meghalaya,Pregnant women who slept under an insecticide-treated net (ITN),2.4,106,671
Mizoram,Pregnant women who slept under an insecticide-treated net (ITN),23.7,23,513
Nagaland,Pregnant women who slept under an insecticide-treated net (ITN),28,36,494
Sikkim,Pregnant women who slept under an insecticide-treated net (ITN),0,9,162
Tripura,Pregnant women who slept under an insecticide-treated net (ITN),14.2,71,168
Goa,Pregnant women who slept under an insecticide-treated net (ITN),0,18,35
Gujarat,Pregnant women who slept under an insecticide-treated net (ITN),0.6,1215,882
Maharashtra,Pregnant women who slept under an insecticide-treated net (ITN),4.1,2409,1154
Andhra Pradesh including Telangana,Pregnant women who slept under an insecticide-treated net (ITN),1.7,1651,602
Andhra Pradesh,Pregnant women who slept under an insecticide-treated net (ITN),2.3,980,347
Telangana,Pregnant women who slept under an insecticide-treated net (ITN),0.8,671,255
Karnataka,Pregnant women who slept under an insecticide-treated net (ITN),2.2,1177,959
Kerala,Pregnant women who slept under an insecticide-treated net (ITN),0.4,653,383
Tamil Nadu,Pregnant women who slept under an insecticide-treated net (ITN),0.4,1694,916
Andaman and Nicobar Islands,Pregnant women who slept under an insecticide-treated net (ITN),32.4,4,65
Dadra and Nagar Haveli,Pregnant women who slept under an insecticide-treated net (ITN),2.8,8,35
Lakshadweep,Pregnant women who slept under an insecticide-treated net (ITN),0,2,44
Puducherry,Pregnant women who slept under an insecticide-treated net (ITN),0.8,29,144
Haryana,Pregnant women who slept under insecticide-treated mosquito net (ITN) last night of those living in a household with at least one ITN,31.9,59,86
Punjab,Pregnant women who slept under insecticide-treated mosquito net (ITN) last night of those living in a household with at least one ITN,15.5,32,46
"Madhya Pradesh, inc Chhattisgarh",Pregnant women who slept under insecticide-treated mosquito net (ITN) last night of those living in a household with at least one ITN,30.1,248,417
Madhya Pradesh,Pregnant women who slept under insecticide-treated mosquito net (ITN) last night of those living in a household with at least one ITN,26.1,141,202
Chhattisgarh,Pregnant women who slept under insecticide-treated mosquito net (ITN) last night of those living in a household with at least one ITN,35.3,106,215
"Uttar Pradesh, inc Uttarakhand",Pregnant women who slept under insecticide-treated mosquito net (ITN) last night of those living in a household with at least one ITN,46.4,242,227
Uttar Pradesh,Pregnant women who slept under insecticide-treated mosquito net (ITN) last night of those living in a household with at least one ITN,47.1,231,200
Uttarakhand,Pregnant women who slept under insecticide-treated mosquito net (ITN) last night of those living in a household with at least one ITN,29.9,10,27
"Bihar, inc Jharkhand",Pregnant women who slept under insecticide-treated mosquito net (ITN) last night of those living in a household with at least one ITN,79.9,452,367
Bihar,Pregnant women who slept under insecticide-treated mosquito net (ITN) last night of those living in a household with at least one ITN,82.3,423,312
Jharkhand,Pregnant women who slept under insecticide-treated mosquito net (ITN) last night of those living in a household with at least one ITN,45.1,29,55
Odisha,Pregnant women who slept under insecticide-treated mosquito net (ITN) last night of those living in a household with at least one ITN,55.3,160,248
West Bengal,Pregnant women who slept under insecticide-treated mosquito net (ITN) last night of those living in a household with at least one ITN,87,621,224
Arunachal Pradesh,Pregnant women who slept under insecticide-treated mosquito net (ITN) last night of those living in a household with at least one ITN,80.4,14,366
Assam,Pregnant women who slept under insecticide-treated mosquito net (ITN) last night of those living in a household with at least one ITN,61.6,37,77
Manipur,Pregnant women who slept under insecticide-treated mosquito net (ITN) last night of those living in a household with at least one ITN,77.2,2,29
Mizoram,Pregnant women who slept under insecticide-treated mosquito net (ITN) last night of those living in a household with at least one ITN,47.2,12,330
Nagaland,Pregnant women who slept under insecticide-treated mosquito net (ITN) last night of those living in a household with at least one ITN,41.2,24,346
Gujarat,Pregnant women who slept under insecticide-treated mosquito net (ITN) last night of those living in a household with at least one ITN,24.7,31,30
Maharashtra,Pregnant women who slept under insecticide-treated mosquito net (ITN) last night of those living in a household with at least one ITN,39.4,248,116
Andhra Pradesh including Telangana,Pregnant women who slept under insecticide-treated mosquito net (ITN) last night of those living in a household with at least one ITN,36.8,75,30
Karnataka,Pregnant women who slept under insecticide-treated mosquito net (ITN) last night of those living in a household with at least one ITN,45.8,56,48
Tamil Nadu,Pregnant women who slept under insecticide-treated mosquito net (ITN) last night of those living in a household with at least one ITN,12.5,57,29
Andaman and Nicobar Islands,Pregnant women who slept under insecticide-treated mosquito net (ITN) last night of those living in a household with at least one ITN,81.5,2,31
New Delhi,Children with fever for whom advice or treatment was sought,84.3,386,209
Haryana,Children with fever for whom advice or treatment was sought,83.6,506,694
Himachal Pradesh,Children with fever for whom advice or treatment was sought,80.8,127,303
"Jammu, Kashmir & Ladakh",Children with fever for whom advice or treatment was sought,83.6,294,1305
Punjab,Children with fever for whom advice or treatment was sought,94.9,531,708
Rajasthan,Children with fever for whom advice or treatment was sought,86.8,1373,1528
"Madhya Pradesh, inc Chhattisgarh",Children with fever for whom advice or treatment was sought,75.4,2599,3744
Madhya Pradesh,Children with fever for whom advice or treatment was sought,73.8,1826,2617
Chhattisgarh,Children with fever for whom advice or treatment was sought,79.3,773,1127
"Uttar Pradesh, inc Uttarakhand",Children with fever for whom advice or treatment was sought,84.4,8630,9111
Uttar Pradesh,Children with fever for whom advice or treatment was sought,84.5,8161,7695
Uttarakhand,Children with fever for whom advice or treatment was sought,82.3,470,1416
"Bihar, inc Jharkhand",Children with fever for whom advice or treatment was sought,76.7,4530,4257
Bihar,Children with fever for whom advice or treatment was sought,76.1,3637,2806
Jharkhand,Children with fever for whom advice or treatment was sought,79,893,1451
Odisha,Children with fever for whom advice or treatment was sought,78.5,1008,1273
West Bengal,Children with fever for whom advice or treatment was sought,82.3,2021,683
Arunachal Pradesh,Children with fever for whom advice or treatment was sought,39.5,23,484
Assam,Children with fever for whom advice or treatment was sought,57.5,527,812
Manipur,Children with fever for whom advice or treatment was sought,60.4,39,431
Meghalaya,Children with fever for whom advice or treatment was sought,84.6,169,1034
Mizoram,Children with fever for whom advice or treatment was sought,51.2,23,428
Nagaland,Children with fever for whom advice or treatment was sought,41.1,23,325
Sikkim,Children with fever for whom advice or treatment was sought,60.9,2,33
Tripura,Children with fever for whom advice or treatment was sought,83.6,66,156
Goa,Children with fever for whom advice or treatment was sought,88.6,34,60
Gujarat,Children with fever for whom advice or treatment was sought,72.1,918,670
Maharashtra,Children with fever for whom advice or treatment was sought,85.3,2557,1132
Andhra Pradesh including Telangana,Children with fever for whom advice or treatment was sought,79.4,1845,672
Andhra Pradesh,Children with fever for whom advice or treatment was sought,80,719,255
Telangana,Children with fever for whom advice or treatment was sought,79,1125,417
Karnataka,Children with fever for whom advice or treatment was sought,77.2,706,590
Kerala,Children with fever for whom advice or treatment was sought,90.4,449,273
Tamil Nadu,Children with fever for whom advice or treatment was sought,81.8,1474,869
Andaman and Nicobar Islands,Children with fever for whom advice or treatment was sought,72.2,4,53
Daman and Diu,Children with fever for whom advice or treatment was sought,97.2,2,36
Lakshadweep,Children with fever for whom advice or treatment was sought,86.5,2,40
Puducherry,Children with fever for whom advice or treatment was sought,76.2,24,113
Haryana,Children who took any ACT,5.4,101,131
"Jammu, Kashmir & Ladakh",Children who took any ACT,1.8,25,97
Punjab,Children who took any ACT,5.3,96,143
Rajasthan,Children who took any ACT,4.1,368,435
"Madhya Pradesh, inc Chhattisgarh",Children who took any ACT,5,505,715
Madhya Pradesh,Children who took any ACT,6.5,317,431
Chhattisgarh,Children who took any ACT,2.6,189,284
"Uttar Pradesh, inc Uttarakhand",Children who took any ACT,7.2,1440,1619
Uttar Pradesh,Children who took any ACT,7.2,1345,1300
Uttarakhand,Children who took any ACT,7.3,95,319
"Bihar, inc Jharkhand",Children who took any ACT,6,935,915
Bihar,Children who took any ACT,7.6,714,539
Jharkhand,Children who took any ACT,1,221,376
Odisha,Children who took any ACT,7.2,211,278
West Bengal,Children who took any ACT,1.7,245,85
Arunachal Pradesh,Children who took any ACT,4.9,2,26
Assam,Children who took any ACT,3.6,49,77
Meghalaya,Children who took any ACT,0.1,45,313
Goa,Children who took any ACT,0,21,33
Gujarat,Children who took any ACT,8.6,60,56
Maharashtra,Children who took any ACT,12.2,852,339
Andhra Pradesh including Telangana,Children who took any ACT,13.8,618,233
Andhra Pradesh,Children who took any ACT,15.7,227,86
Telangana,Children who took any ACT,12.8,391,147
Karnataka,Children who took any ACT,4.3,236,189
Tamil Nadu,Children who took any ACT,25,350,198
Puducherry,Children who took any ACT,45,4,27
New Delhi,Children with hemoglobin lower than 8.0 g/dl,11.1,1663,1050
Haryana,Children with hemoglobin lower than 8.0 g/dl,8.4,4855,6679
Himachal Pradesh,Children with hemoglobin lower than 8.0 g/dl,6.7,899,2372
"Jammu, Kashmir & Ladakh",Children with hemoglobin lower than 8.0 g/dl,6.2,1860,6976
Punjab,Children with hemoglobin lower than 8.0 g/dl,4.5,3602,4550
Rajasthan,Children with hemoglobin lower than 8.0 g/dl,5.7,12443,14344
"Madhya Pradesh, inc Chhattisgarh",Children with hemoglobin lower than 8.0 g/dl,5.5,19341,28229
Madhya Pradesh,Children with hemoglobin lower than 8.0 g/dl,6.6,14424,20891
Chhattisgarh,Children with hemoglobin lower than 8.0 g/dl,2.3,4917,7338
"Uttar Pradesh, inc Uttarakhand",Children with hemoglobin lower than 8.0 g/dl,7,38500,39635
Uttar Pradesh,Children with hemoglobin lower than 8.0 g/dl,7,36851,34754
Uttarakhand,Children with hemoglobin lower than 8.0 g/dl,6.7,1649,4881
"Bihar, inc Jharkhand",Children with hemoglobin lower than 8.0 g/dl,4.8,32766,32001
Bihar,Children with hemoglobin lower than 8.0 g/dl,4.9,26662,21686
Jharkhand,Children with hemoglobin lower than 8.0 g/dl,4.4,6104,10315
Odisha,Children with hemoglobin lower than 8.0 g/dl,2.4,6724,9219
West Bengal,Children with hemoglobin lower than 8.0 g/dl,2.3,14001,4490
Arunachal Pradesh,Children with hemoglobin lower than 8.0 g/dl,2.8,159,3934
Assam,Children with hemoglobin lower than 8.0 g/dl,1,4761,8103
Manipur,Children with hemoglobin lower than 8.0 g/dl,0.6,424,4972
Meghalaya,Children with hemoglobin lower than 8.0 g/dl,1.8,613,3606
Mizoram,Children with hemoglobin lower than 8.0 g/dl,1,183,4322
Nagaland,Children with hemoglobin lower than 8.0 g/dl,1.4,262,3654
Sikkim,Children with hemoglobin lower than 8.0 g/dl,2.1,51,835
Tripura,Children with hemoglobin lower than 8.0 g/dl,0.6,460,1079
Goa,Children with hemoglobin lower than 8.0 g/dl,1.6,187,363
Gujarat,Children with hemoglobin lower than 8.0 g/dl,5.7,8334,6339
Maharashtra,Children with hemoglobin lower than 8.0 g/dl,3.4,16997,8051
Andhra Pradesh including Telangana,Children with hemoglobin lower than 8.0 g/dl,6.4,10965,4017
Andhra Pradesh,Children with hemoglobin lower than 8.0 g/dl,5.6,6115,2208
Telangana,Children with hemoglobin lower than 8.0 g/dl,7.4,4850,1809
Karnataka,Children with hemoglobin lower than 8.0 g/dl,3.5,8354,6513
Kerala,Children with hemoglobin lower than 8.0 g/dl,1.5,3721,2114
Tamil Nadu,Children with hemoglobin lower than 8.0 g/dl,3.1,12479,6956
Andaman and Nicobar Islands,Children with hemoglobin lower than 8.0 g/dl,2.3,44,617
Chandigarh,Children with hemoglobin lower than 8.0 g/dl,11.8,106,158
Dadra and Nagar Haveli,Children with hemoglobin lower than 8.0 g/dl,5.5,62,274
Daman and Diu,Children with hemoglobin lower than 8.0 g/dl,3.4,19,293
Lakshadweep,Children with hemoglobin lower than 8.0 g/dl,2.7,10,241
Puducherry,Children with hemoglobin lower than 8.0 g/dl,1.8,191,959
New Delhi,Households with at least one insecticide-treated mosquito net (ITN),0.7,9120,9486
Haryana,Households with at least one insecticide-treated mosquito net (ITN),3.1,11633,18229
Himachal Pradesh,Households with at least one insecticide-treated mosquito net (ITN),1.2,3900,10698
"Jammu, Kashmir & Ladakh",Households with at least one insecticide-treated mosquito net (ITN),0.9,5315,19904
Jammu & Kashmir,Households with at least one insecticide-treated mosquito net (ITN),0.9,5222,18086
Ladakh,Households with at least one insecticide-treated mosquito net (ITN),0.9,93,1818
Punjab,Households with at least one insecticide-treated mosquito net (ITN),2.4,13352,18824
Rajasthan,Households with at least one insecticide-treated mosquito net (ITN),1.1,32540,31817
"Madhya Pradesh, inc Chhattisgarh",Households with at least one insecticide-treated mosquito net (ITN),18.4,52268,68102
Madhya Pradesh,Households with at least one insecticide-treated mosquito net (ITN),15.6,37263,43552
Chhattisgarh,Households with at least one insecticide-treated mosquito net (ITN),25.5,15005,24550
"Uttar Pradesh, inc Uttarakhand",Households with at least one insecticide-treated mosquito net (ITN),5.5,96413,82879
Uttar Pradesh,Households with at least one insecticide-treated mosquito net (ITN),5.7,91197,70710
Uttarakhand,Households with at least one insecticide-treated mosquito net (ITN),2.4,5216,12169
"Bihar, inc Jharkhand",Households with at least one insecticide-treated mosquito net (ITN),9.1,67930,58697
Bihar,Households with at least one insecticide-treated mosquito net (ITN),1.8,51875,35834
Jharkhand,Households with at least one insecticide-treated mosquito net (ITN),32.8,16055,22863
Odisha,Households with at least one insecticide-treated mosquito net (ITN),38.8,22954,26467
West Bengal,Households with at least one insecticide-treated mosquito net (ITN),5.7,52501,18187
Arunachal Pradesh,Households with at least one insecticide-treated mosquito net (ITN),51.8,544,18268
Assam,Households with at least one insecticide-treated mosquito net (ITN),24,16564,30119
Manipur,Households with at least one insecticide-treated mosquito net (ITN),15,1175,7881
Meghalaya,Households with at least one insecticide-treated mosquito net (ITN),27.7,1466,10148
Mizoram,Households with at least one insecticide-treated mosquito net (ITN),40.4,582,7257
Nagaland,Households with at least one insecticide-treated mosquito net (ITN),64.6,795,10112
Sikkim,Households with at least one insecticide-treated mosquito net (ITN),2.2,363,3516
Tripura,Households with at least one insecticide-treated mosquito net (ITN),15.7,2229,7209
Goa,Households with at least one insecticide-treated mosquito net (ITN),1.3,992,1856
Gujarat,Households with at least one insecticide-treated mosquito net (ITN),6.9,29722,29368
Maharashtra,Households with at least one insecticide-treated mosquito net (ITN),2.5,62798,31643
Andhra Pradesh including Telangana,Households with at least one insecticide-treated mosquito net (ITN),5.3,48600,38697
Andhra Pradesh,Households with at least one insecticide-treated mosquito net (ITN),6.6,29824,11346
Telangana,Households with at least one insecticide-treated mosquito net (ITN),3.3,18777,27351
Karnataka,Households with at least one insecticide-treated mosquito net (ITN),7.7,33579,26574
Kerala,Households with at least one insecticide-treated mosquito net (ITN),1.6,20039,12330
Tamil Nadu,Households with at least one insecticide-treated mosquito net (ITN),2,47616,27929
Andaman and Nicobar Islands,Households with at least one insecticide-treated mosquito net (ITN),1.2,212,2624
Chandigarh,Households with at least one insecticide-treated mosquito net (ITN),0.4,511,761
"Dadra and Nagar Haveli, Daman and Diu",Households with at least one insecticide-treated mosquito net (ITN),14.3,265,2676
Lakshadweep,Households with at least one insecticide-treated mosquito net (ITN),1.1,33,921
Puducherry,Households with at least one insecticide-treated mosquito net (ITN),2,688,3520
New Delhi,Households with at least one insecticide-treated mosquito net (ITN) for every two persons who stayed in the household the previous night,0.3,9109,9475
Haryana,Households with at least one insecticide-treated mosquito net (ITN) for every two persons who stayed in the household the previous night,1.2,11628,18221
Himachal Pradesh,Households with at least one insecticide-treated mosquito net (ITN) for every two persons who stayed in the household the previous night,0.4,3885,10665
"Jammu, Kashmir & Ladakh",Households with at least one insecticide-treated mosquito net (ITN) for every two persons who stayed in the household the previous night,0.2,5314,19898
Jammu & Kashmir,Households with at least one insecticide-treated mosquito net (ITN) for every two persons who stayed in the household the previous night,0.2,5221,18080
Ladakh,Households with at least one insecticide-treated mosquito net (ITN) for every two persons who stayed in the household the previous night,0,93,1818
Punjab,Households with at least one insecticide-treated mosquito net (ITN) for every two persons who stayed in the household the previous night,0.8,13342,18808
Rajasthan,Households with at least one insecticide-treated mosquito net (ITN) for every two persons who stayed in the household the previous night,0.3,32519,31798
"Madhya Pradesh, inc Chhattisgarh",Households with at least one insecticide-treated mosquito net (ITN) for every two persons who stayed in the household the previous night,10,52194,68005
Madhya Pradesh,Households with at least one insecticide-treated mosquito net (ITN) for every two persons who stayed in the household the previous night,8.7,37209,43491
Chhattisgarh,Households with at least one insecticide-treated mosquito net (ITN) for every two persons who stayed in the household the previous night,13.3,14985,24514
"Uttar Pradesh, inc Uttarakhand",Households with at least one insecticide-treated mosquito net (ITN) for every two persons who stayed in the household the previous night,2.4,96318,82794
Uttar Pradesh,Households with at least one insecticide-treated mosquito net (ITN) for every two persons who stayed in the household the previous night,2.4,91111,70643
Uttarakhand,Households with at least one insecticide-treated mosquito net (ITN) for every two persons who stayed in the household the previous night,1.1,5208,12151
"Bihar, inc Jharkhand",Households with at least one insecticide-treated mosquito net (ITN) for every two persons who stayed in the household the previous night,4,67843,58646
Bihar,Households with at least one insecticide-treated mosquito net (ITN) for every two persons who stayed in the household the previous night,0.6,51793,35789
Jharkhand,Households with at least one insecticide-treated mosquito net (ITN) for every two persons who stayed in the household the previous night,14.8,16050,22857
Odisha,Households with at least one insecticide-treated mosquito net (ITN) for every two persons who stayed in the household the previous night,25.9,22853,26376
West Bengal,Households with at least one insecticide-treated mosquito net (ITN) for every two persons who stayed in the household the previous night,3,52377,18146
Arunachal Pradesh,Households with at least one insecticide-treated mosquito net (ITN) for every two persons who stayed in the household the previous night,35.3,543,18259
Assam,Households with at least one insecticide-treated mosquito net (ITN) for every two persons who stayed in the household the previous night,12.4,16558,30110
Manipur,Households with at least one insecticide-treated mosquito net (ITN) for every two persons who stayed in the household the previous night,4.5,1172,7861
Meghalaya,Households with at least one insecticide-treated mosquito net (ITN) for every two persons who stayed in the household the previous night,16,1465,10147
Mizoram,Households with at least one insecticide-treated mosquito net (ITN) for every two persons who stayed in the household the previous night,26.4,582,7255
Nagaland,Households with at least one insecticide-treated mosquito net (ITN) for every two persons who stayed in the household the previous night,42.9,795,10110
Sikkim,Households with at least one insecticide-treated mosquito net (ITN) for every two persons who stayed in the household the previous night,1.5,363,3513
Tripura,Households with at least one insecticide-treated mosquito net (ITN) for every two persons who stayed in the household the previous night,8.1,2226,7198
Goa,Households with at least one insecticide-treated mosquito net (ITN) for every two persons who stayed in the household the previous night,0.7,992,1856
Gujarat,Households with at least one insecticide-treated mosquito net (ITN) for every two persons who stayed in the household the previous night,2.3,29663,29315
Maharashtra,Households with at least one insecticide-treated mosquito net (ITN) for every two persons who stayed in the household the previous night,0.8,62636,31560
Andhra Pradesh including Telangana,Households with at least one insecticide-treated mosquito net (ITN) for every two persons who stayed in the household the previous night,2.6,48491,38615
Andhra Pradesh,Households with at least one insecticide-treated mosquito net (ITN) for every two persons who stayed in the household the previous night,3.4,29749,11318
Telangana,Households with at least one insecticide-treated mosquito net (ITN) for every two persons who stayed in the household the previous night,1.3,18742,27297
Karnataka,Households with at least one insecticide-treated mosquito net (ITN) for every two persons who stayed in the household the previous night,2.8,33561,26557
Kerala,Households with at least one insecticide-treated mosquito net (ITN) for every two persons who stayed in the household the previous night,0.6,20014,12318
Tamil Nadu,Households with at least one insecticide-treated mosquito net (ITN) for every two persons who stayed in the household the previous night,0.6,47504,27860
Andaman and Nicobar Islands,Households with at least one insecticide-treated mosquito net (ITN) for every two persons who stayed in the household the previous night,0.5,211,2621
Chandigarh,Households with at least one insecticide-treated mosquito net (ITN) for every two persons who stayed in the household the previous night,0.1,511,761
"Dadra and Nagar Haveli, Daman and Diu",Households with at least one insecticide-treated mosquito net (ITN) for every two persons who stayed in the household the previous night,4,265,2673
Lakshadweep,Households with at least one insecticide-treated mosquito net (ITN) for every two persons who stayed in the household the previous night,0.3,33,921
Puducherry,Households with at least one insecticide-treated mosquito net (ITN) for every two persons who stayed in the household the previous night,1.3,687,3515
New Delhi,Persons with access to an insecticide-treated mosquito net (ITN),0.5,40798,42433
Haryana,Persons with access to an insecticide-treated mosquito net (ITN),2.3,55807,88098
Himachal Pradesh,Persons with access to an insecticide-treated mosquito net (ITN),0.8,14943,40692
"Jammu, Kashmir & Ladakh",Persons with access to an insecticide-treated mosquito net (ITN),0.5,25311,95960
Jammu & Kashmir,Persons with access to an insecticide-treated mosquito net (ITN),0.5,24880,87558
Ladakh,Persons with access to an insecticide-treated mosquito net (ITN),0.5,431,8402
Punjab,Persons with access to an insecticide-treated mosquito net (ITN),1.6,60994,86903
Rajasthan,Persons with access to an insecticide-treated mosquito net (ITN),0.6,165964,161490
"Madhya Pradesh, inc Chhattisgarh",Persons with access to an insecticide-treated mosquito net (ITN),14.3,232012,302897
Madhya Pradesh,Persons with access to an insecticide-treated mosquito net (ITN),12.2,167026,196734
Chhattisgarh,Persons with access to an insecticide-treated mosquito net (ITN),19.6,64986,106163
"Uttar Pradesh, inc Uttarakhand",Persons with access to an insecticide-treated mosquito net (ITN),4,490620,415934
Uttar Pradesh,Persons with access to an insecticide-treated mosquito net (ITN),4.1,467638,364767
Uttarakhand,Persons with access to an insecticide-treated mosquito net (ITN),2,22982,51167
"Bihar, inc Jharkhand",Persons with access to an insecticide-treated mosquito net (ITN),6.2,323323,277367
Bihar,Persons with access to an insecticide-treated mosquito net (ITN),1.1,251020,174138
Jharkhand,Persons with access to an insecticide-treated mosquito net (ITN),23.7,72303,103229
Odisha,Persons with access to an insecticide-treated mosquito net (ITN),33.4,90897,105433
West Bengal,Persons with access to an insecticide-treated mosquito net (ITN),4.3,208224,72790
Arunachal Pradesh,Persons with access to an insecticide-treated mosquito net (ITN),45.4,2130,70494
Assam,Persons with access to an insecticide-treated mosquito net (ITN),18.5,70730,129475
Manipur,Persons with access to an insecticide-treated mosquito net (ITN),8.5,4986,32822
Meghalaya,Persons with access to an insecticide-treated mosquito net (ITN),22,7071,50484
Mizoram,Persons with access to an insecticide-treated mosquito net (ITN),33,2327,29128
Nagaland,Persons with access to an insecticide-treated mosquito net (ITN),54.2,2836,35382
Sikkim,Persons with access to an insecticide-treated mosquito net (ITN),2,1197,11756
Tripura,Persons with access to an insecticide-treated mosquito net (ITN),12.1,8103,26500
Goa,Persons with access to an insecticide-treated mosquito net (ITN),0.9,3859,7256
Gujarat,Persons with access to an insecticide-treated mosquito net (ITN),4.5,132539,131696
Maharashtra,Persons with access to an insecticide-treated mosquito net (ITN),1.6,265397,134876
Andhra Pradesh including Telangana,Persons with access to an insecticide-treated mosquito net (ITN),3.9,173231,138331
Andhra Pradesh,Persons with access to an insecticide-treated mosquito net (ITN),5,104869,40046
Telangana,Persons with access to an insecticide-treated mosquito net (ITN),2.1,68362,98285
Karnataka,Persons with access to an insecticide-treated mosquito net (ITN),5.1,140864,113324
Kerala,Persons with access to an insecticide-treated mosquito net (ITN),1.1,75399,46125
Tamil Nadu,Persons with access to an insecticide-treated mosquito net (ITN),1.3,162085,94785
Andaman and Nicobar Islands,Persons with access to an insecticide-treated mosquito net (ITN),0.9,757,9310
Chandigarh,Persons with access to an insecticide-treated mosquito net (ITN),0.2,2238,3329
"Dadra and Nagar Haveli, Daman and Diu",Persons with access to an insecticide-treated mosquito net (ITN),10.9,1059,10248
Lakshadweep,Persons with access to an insecticide-treated mosquito net (ITN),0.7,154,4274
Puducherry,Persons with access to an insecticide-treated mosquito net (ITN),1.5,2517,13047
New Delhi,Population who slept under an insecticide-treated mosquito net (ITN) last night,0.2,40798,42433
Haryana,Population who slept under an insecticide-treated mosquito net (ITN) last night,0.3,55807,88098
Himachal Pradesh,Population who slept under an insecticide-treated mosquito net (ITN) last night,0.1,14943,40692
"Jammu, Kashmir & Ladakh",Population who slept under an insecticide-treated mosquito net (ITN) last night,0.1,25311,95960
Jammu & Kashmir,Population who slept under an insecticide-treated mosquito net (ITN) last night,0.1,24880,87558
Ladakh,Population who slept under an insecticide-treated mosquito net (ITN) last night,0.1,431,8402
Punjab,Population who slept under an insecticide-treated mosquito net (ITN) last night,0.1,60994,86903
Rajasthan,Population who slept under an insecticide-treated mosquito net (ITN) last night,0.1,165964,161490
"Madhya Pradesh, inc Chhattisgarh",Population who slept under an insecticide-treated mosquito net (ITN) last night,5.9,232012,302897
Madhya Pradesh,Population who slept under an insecticide-treated mosquito net (ITN) last night,3.6,167026,196734
Chhattisgarh,Population who slept under an insecticide-treated mosquito net (ITN) last night,11.7,64986,106163
"Uttar Pradesh, inc Uttarakhand",Population who slept under an insecticide-treated mosquito net (ITN) last night,1.9,490620,415934
Uttar Pradesh,Population who slept under an insecticide-treated mosquito net (ITN) last night,1.9,467638,364767
Uttarakhand,Population who slept under an insecticide-treated mosquito net (ITN) last night,0.7,22982,51167
"Bihar, inc Jharkhand",Population who slept under an insecticide-treated mosquito net (ITN) last night,4.1,323323,277367
Bihar,Population who slept under an insecticide-treated mosquito net (ITN) last night,1,251020,174138
Jharkhand,Population who slept under an insecticide-treated mosquito net (ITN) last night,14.9,72303,103229
Odisha,Population who slept under an insecticide-treated mosquito net (ITN) last night,25.6,90897,105433
West Bengal,Population who slept under an insecticide-treated mosquito net (ITN) last night,4.1,208224,72790
Arunachal Pradesh,Population who slept under an insecticide-treated mosquito net (ITN) last night,28.2,2130,70494
Assam,Population who slept under an insecticide-treated mosquito net (ITN) last night,18.1,70730,129475
Manipur,Population who slept under an insecticide-treated mosquito net (ITN) last night,3.3,4986,32822
Meghalaya,Population who slept under an insecticide-treated mosquito net (ITN) last night,22.4,7071,50484
Mizoram,Population who slept under an insecticide-treated mosquito net (ITN) last night,31.3,2327,29128
Nagaland,Population who slept under an insecticide-treated mosquito net (ITN) last night,29.3,2836,35382
Sikkim,Population who slept under an insecticide-treated mosquito net (ITN) last night,1,1197,11756
Tripura,Population who slept under an insecticide-treated mosquito net (ITN) last night,11.6,8103,26500
Goa,Population who slept under an insecticide-treated mosquito net (ITN) last night,0.8,3859,7256
Gujarat,Population who slept under an insecticide-treated mosquito net (ITN) last night,2.2,132539,131696
Maharashtra,Population who slept under an insecticide-treated mosquito net (ITN) last night,1,265397,134876
Andhra Pradesh including Telangana,Population who slept under an insecticide-treated mosquito net (ITN) last night,2.4,173231,138331
Andhra Pradesh,Population who slept under an insecticide-treated mosquito net (ITN) last night,3,104869,40046
Telangana,Population who slept under an insecticide-treated mosquito net (ITN) last night,1.5,68362,98285
Karnataka,Population who slept under an insecticide-treated mosquito net (ITN) last night,4.7,140864,113324
Kerala,Population who slept under an insecticide-treated mosquito net (ITN) last night,0.8,75399,46125
Tamil Nadu,Population who slept under an insecticide-treated mosquito net (ITN) last night,0.8,162085,94785
Andaman and Nicobar Islands,Population who slept under an insecticide-treated mosquito net (ITN) last night,0.8,757,9310
Chandigarh,Population who slept under an insecticide-treated mosquito net (ITN) last night,0.1,2238,3329
"Dadra and Nagar Haveli, Daman and Diu",Population who slept under an insecticide-treated mosquito net (ITN) last night,8.8,1059,10248
Lakshadweep,Population who slept under an insecticide-treated mosquito net (ITN) last night,0.5,154,4274
Puducherry,Population who slept under an insecticide-treated mosquito net (ITN) last night,1.3,2517,13047
New Delhi,Children under 5 who slept under an insecticide-treated net (ITN),0.3,2955,3027
Haryana,Children under 5 who slept under an insecticide-treated net (ITN),0.3,4410,6996
Himachal Pradesh,Children under 5 who slept under an insecticide-treated net (ITN),0.4,961,2658
"Jammu, Kashmir & Ladakh",Children under 5 who slept under an insecticide-treated net (ITN),0.1,1692,6504
Jammu & Kashmir,Children under 5 who slept under an insecticide-treated net (ITN),0.1,1665,5983
Ladakh,Children under 5 who slept under an insecticide-treated net (ITN),0,27,521
Punjab,Children under 5 who slept under an insecticide-treated net (ITN),0.2,4003,5700
Rajasthan,Children under 5 who slept under an insecticide-treated net (ITN),0.2,14941,14587
"Madhya Pradesh, inc Chhattisgarh",Children under 5 who slept under an insecticide-treated net (ITN),6.7,18696,24789
Madhya Pradesh,Children under 5 who slept under an insecticide-treated net (ITN),4,13690,16424
Chhattisgarh,Children under 5 who slept under an insecticide-treated net (ITN),14,5006,8365
"Uttar Pradesh, inc Uttarakhand",Children under 5 who slept under an insecticide-treated net (ITN),1.9,46047,38926
Uttar Pradesh,Children under 5 who slept under an insecticide-treated net (ITN),2,44261,35101
Uttarakhand,Children under 5 who slept under an insecticide-treated net (ITN),0.8,1787,3825
"Bihar, inc Jharkhand",Children under 5 who slept under an insecticide-treated net (ITN),3.9,36440,30473
Bihar,Children under 5 who slept under an insecticide-treated net (ITN),0.9,29608,20584
Jharkhand,Children under 5 who slept under an insecticide-treated net (ITN),16.8,6832,9889
Odisha,Children under 5 who slept under an insecticide-treated net (ITN),30.7,7053,8306
West Bengal,Children under 5 who slept under an insecticide-treated net (ITN),3.7,15812,5552
Arunachal Pradesh,Children under 5 who slept under an insecticide-treated net (ITN),27.4,175,5517
Assam,Children under 5 who slept under an insecticide-treated net (ITN),17.8,5823,10505
Manipur,Children under 5 who slept under an insecticide-treated net (ITN),3.4,448,3215
Meghalaya,Children under 5 who slept under an insecticide-treated net (ITN),20.8,859,6450
Mizoram,Children under 5 who slept under an insecticide-treated net (ITN),33.9,182,2476
Nagaland,Children under 5 who slept under an insecticide-treated net (ITN),35.4,212,2949
Sikkim,Children under 5 who slept under an insecticide-treated net (ITN),1.4,61,632
Tripura,Children under 5 who slept under an insecticide-treated net (ITN),11.1,592,2024
Goa,Children under 5 who slept under an insecticide-treated net (ITN),1.3,202,367
Gujarat,Children under 5 who slept under an insecticide-treated net (ITN),4.1,9695,9830
Maharashtra,Children under 5 who slept under an insecticide-treated net (ITN),1.9,18661,9497
Andhra Pradesh including Telangana,Children under 5 who slept under an insecticide-treated net (ITN),3.8,12263,10059
Andhra Pradesh,Children under 5 who slept under an insecticide-treated net (ITN),4.9,7157,2767
Telangana,Children under 5 who slept under an insecticide-treated net (ITN),2.3,5106,7292
Karnataka,Children under 5 who slept under an insecticide-treated net (ITN),6.1,10166,8335
Kerala,Children under 5 who slept under an insecticide-treated net (ITN),2.1,4615,2815
Tamil Nadu,Children under 5 who slept under an insecticide-treated net (ITN),2.4,10750,6382
Andaman and Nicobar Islands,Children under 5 who slept under an insecticide-treated net (ITN),1.1,41,476
Chandigarh,Children under 5 who slept under an insecticide-treated net (ITN),0.5,131,187
"Dadra and Nagar Haveli, Daman and Diu",Children under 5 who slept under an insecticide-treated net (ITN),13.7,87,787
Lakshadweep,Children under 5 who slept under an insecticide-treated net (ITN),1.7,10,274
Puducherry,Children under 5 who slept under an insecticide-treated net (ITN),1.6,149,765
New Delhi,Children under 5 who slept under an insecticide-treated mosquito net (ITN) last night of those living in a household with at least one ITN,30,26,29
Haryana,Children under 5 who slept under an insecticide-treated mosquito net (ITN) last night of those living in a household with at least one ITN,7.8,185,312
Himachal Pradesh,Children under 5 who slept under an insecticide-treated mosquito net (ITN) last night of those living in a household with at least one ITN,23.7,18,39
"Jammu, Kashmir & Ladakh",Children under 5 who slept under an insecticide-treated mosquito net (ITN) last night of those living in a household with at least one ITN,12.1,17,66
Jammu & Kashmir,Children under 5 who slept under an insecticide-treated mosquito net (ITN) last night of those living in a household with at least one ITN,12.1,17,64
Punjab,Children under 5 who slept under an insecticide-treated mosquito net (ITN) last night of those living in a household with at least one ITN,4.2,152,221
Rajasthan,Children under 5 who slept under an insecticide-treated mosquito net (ITN) last night of those living in a household with at least one ITN,12.3,191,176
"Madhya Pradesh, inc Chhattisgarh",Children under 5 who slept under an insecticide-treated mosquito net (ITN) last night of those living in a household with at least one ITN,33.7,3699,6472
Madhya Pradesh,Children under 5 who slept under an insecticide-treated mosquito net (ITN) last night of those living in a household with at least one ITN,24,2271,3082
Chhattisgarh,Children under 5 who slept under an insecticide-treated mosquito net (ITN) last night of those living in a household with at least one ITN,49.1,1429,3390
"Uttar Pradesh, inc Uttarakhand",Children under 5 who slept under an insecticide-treated mosquito net (ITN) last night of those living in a household with at least one ITN,34.2,2575,2064
Uttar Pradesh,Children under 5 who slept under an insecticide-treated mosquito net (ITN) last night of those living in a household with at least one ITN,34.5,2512,1984
Uttarakhand,Children under 5 who slept under an insecticide-treated mosquito net (ITN) last night of those living in a household with at least one ITN,23.7,63,80
"Bihar, inc Jharkhand",Children under 5 who slept under an insecticide-treated mosquito net (ITN) last night of those living in a household with at least one ITN,48.3,2918,4124
Bihar,Children under 5 who slept under an insecticide-treated mosquito net (ITN) last night of those living in a household with at least one ITN,51.2,511,328
Jharkhand,Children under 5 who slept under an insecticide-treated mosquito net (ITN) last night of those living in a household with at least one ITN,47.7,2408,3796
Odisha,Children under 5 who slept under an insecticide-treated mosquito net (ITN) last night of those living in a household with at least one ITN,71.3,3038,4367
West Bengal,Children under 5 who slept under an insecticide-treated mosquito net (ITN) last night of those living in a household with at least one ITN,69.8,832,273
Arunachal Pradesh,Children under 5 who slept under an insecticide-treated mosquito net (ITN) last night of those living in a household with at least one ITN,51.9,92,2926
Assam,Children under 5 who slept under an insecticide-treated mosquito net (ITN) last night of those living in a household with at least one ITN,71.5,1453,2621
Manipur,Children under 5 who slept under an insecticide-treated mosquito net (ITN) last night of those living in a household with at least one ITN,20.6,75,799
Meghalaya,Children under 5 who slept under an insecticide-treated mosquito net (ITN) last night of those living in a household with at least one ITN,86,208,1879
Mizoram,Children under 5 who slept under an insecticide-treated mosquito net (ITN) last night of those living in a household with at least one ITN,79.7,77,1157
Nagaland,Children under 5 who slept under an insecticide-treated mosquito net (ITN) last night of those living in a household with at least one ITN,52.8,142,2055
Tripura,Children under 5 who slept under an insecticide-treated mosquito net (ITN) last night of those living in a household with at least one ITN,73.2,90,319
Gujarat,Children under 5 who slept under an insecticide-treated mosquito net (ITN) last night of those living in a household with at least one ITN,40.9,964,1159
Maharashtra,Children under 5 who slept under an insecticide-treated mosquito net (ITN) last night of those living in a household with at least one ITN,50,708,371
Andhra Pradesh including Telangana,Children under 5 who slept under an insecticide-treated mosquito net (ITN) last night of those living in a household with at least one ITN,50.5,934,642
Andhra Pradesh,Children under 5 who slept under an insecticide-treated mosquito net (ITN) last night of those living in a household with at least one ITN,51.2,689,264
Telangana,Children under 5 who slept under an insecticide-treated mosquito net (ITN) last night of those living in a household with at least one ITN,48.5,245,378
Karnataka,Children under 5 who slept under an insecticide-treated mosquito net (ITN) last night of those living in a household with at least one ITN,62,992,917
Kerala,Children under 5 who slept under an insecticide-treated mosquito net (ITN) last night of those living in a household with at least one ITN,63.6,155,99
Tamil Nadu,Children under 5 who slept under an insecticide-treated mosquito net (ITN) last night of those living in a household with at least one ITN,60.8,416,283
"Dadra and Nagar Haveli, Daman and Diu",Children under 5 who slept under an insecticide-treated mosquito net (ITN) last night of those living in a household with at least one ITN,58.7,20,151
Puducherry,Children under 5 who slept under an insecticide-treated mosquito net (ITN) last night of those living in a household with at least one ITN,40.1,6,27
New Delhi,Pregnant women who slept under an insecticide-treated net (ITN),0,305,303
Haryana,Pregnant women who slept under an insecticide-treated net (ITN),0.5,535,841
Himachal Pradesh,Pregnant women who slept under an insecticide-treated net (ITN),0.3,110,296
"Jammu, Kashmir & Ladakh",Pregnant women who slept under an insecticide-treated net (ITN),0.1,386,1468
Jammu & Kashmir,Pregnant women who slept under an insecticide-treated net (ITN),0.1,380,1335
Ladakh,Pregnant women who slept under an insecticide-treated net (ITN),0,7,133
Punjab,Pregnant women who slept under an insecticide-treated net (ITN),0,392,558
Rajasthan,Pregnant women who slept under an insecticide-treated net (ITN),0.1,1669,1663
"Madhya Pradesh, inc Chhattisgarh",Pregnant women who slept under an insecticide-treated net (ITN),6.6,2225,2990
Madhya Pradesh,Pregnant women who slept under an insecticide-treated net (ITN),3.6,1590,1895
Chhattisgarh,Pregnant women who slept under an insecticide-treated net (ITN),14,635,1095
"Uttar Pradesh, inc Uttarakhand",Pregnant women who slept under an insecticide-treated net (ITN),2,5147,4417
Uttar Pradesh,Pregnant women who slept under an insecticide-treated net (ITN),2,4948,3965
Uttarakhand,Pregnant women who slept under an insecticide-treated net (ITN),0.7,200,452
"Bihar, inc Jharkhand",Pregnant women who slept under an insecticide-treated net (ITN),3.4,4589,3774
Bihar,Pregnant women who slept under an insecticide-treated net (ITN),1.1,3811,2673
Jharkhand,Pregnant women who slept under an insecticide-treated net (ITN),14.7,778,1101
Odisha,Pregnant women who slept under an insecticide-treated net (ITN),27.5,803,941
West Bengal,Pregnant women who slept under an insecticide-treated net (ITN),4,1911,686
Arunachal Pradesh,Pregnant women who slept under an insecticide-treated net (ITN),27.2,25,832
Assam,Pregnant women who slept under an insecticide-treated net (ITN),18,791,1392
Manipur,Pregnant women who slept under an insecticide-treated net (ITN),2.8,59,420
Meghalaya,Pregnant women who slept under an insecticide-treated net (ITN),26.1,115,833
Mizoram,Pregnant women who slept under an insecticide-treated net (ITN),32.3,23,309
Nagaland,Pregnant women who slept under an insecticide-treated net (ITN),31.1,44,568
Sikkim,Pregnant women who slept under an insecticide-treated net (ITN),1.7,6,70
Tripura,Pregnant women who slept under an insecticide-treated net (ITN),9.9,78,262
Goa,Pregnant women who slept under an insecticide-treated net (ITN),0,23,41
Gujarat,Pregnant women who slept under an insecticide-treated net (ITN),4.9,1159,1151
Maharashtra,Pregnant women who slept under an insecticide-treated net (ITN),0.8,2115,1090
Andhra Pradesh including Telangana,Pregnant women who slept under an insecticide-treated net (ITN),2.4,1454,1191
Andhra Pradesh,Pregnant women who slept under an insecticide-treated net (ITN),2.9,869,322
Telangana,Pregnant women who slept under an insecticide-treated net (ITN),1.5,585,869
Karnataka,Pregnant women who slept under an insecticide-treated net (ITN),6.4,1237,998
Kerala,Pregnant women who slept under an insecticide-treated net (ITN),0.8,618,361
Tamil Nadu,Pregnant women who slept under an insecticide-treated net (ITN),1.2,1197,733
Andaman and Nicobar Islands,Pregnant women who slept under an insecticide-treated net (ITN),0,4,38
"Dadra and Nagar Haveli, Daman and Diu",Pregnant women who slept under an insecticide-treated net (ITN),16.1,9,85
Lakshadweep,Pregnant women who slept under an insecticide-treated net (ITN),3.5,2,43
Puducherry,Pregnant women who slept under an insecticide-treated net (ITN),0,25,102
Haryana,Pregnant women who slept under insecticide-treated mosquito net (ITN) last night of those living in a household with at least one ITN,14.4,17,29
"Madhya Pradesh, inc Chhattisgarh",Pregnant women who slept under insecticide-treated mosquito net (ITN) last night of those living in a household with at least one ITN,34.8,419,784
Madhya Pradesh,Pregnant women who slept under insecticide-treated mosquito net (ITN) last night of those living in a household with at least one ITN,23.7,240,334
Chhattisgarh,Pregnant women who slept under insecticide-treated mosquito net (ITN) last night of those living in a household with at least one ITN,49.7,179,450
"Uttar Pradesh, inc Uttarakhand",Pregnant women who slept under insecticide-treated mosquito net (ITN) last night of those living in a household with at least one ITN,38.3,265,214
Uttar Pradesh,Pregnant women who slept under insecticide-treated mosquito net (ITN) last night of those living in a household with at least one ITN,38.9,257,204
"Bihar, inc Jharkhand",Pregnant women who slept under insecticide-treated mosquito net (ITN) last night of those living in a household with at least one ITN,45.5,346,468
Bihar,Pregnant women who slept under insecticide-treated mosquito net (ITN) last night of those living in a household with at least one ITN,55.1,79,53
Jharkhand,Pregnant women who slept under insecticide-treated mosquito net (ITN) last night of those living in a household with at least one ITN,42.7,268,415
Odisha,Pregnant women who slept under insecticide-treated mosquito net (ITN) last night of those living in a household with at least one ITN,72.8,303,467
West Bengal,Pregnant women who slept under insecticide-treated mosquito net (ITN) last night of those living in a household with at least one ITN,77.9,99,31
Arunachal Pradesh,Pregnant women who slept under insecticide-treated mosquito net (ITN) last night of those living in a household with at least one ITN,50.6,14,463
Assam,Pregnant women who slept under insecticide-treated mosquito net (ITN) last night of those living in a household with at least one ITN,68.9,207,356
Manipur,Pregnant women who slept under insecticide-treated mosquito net (ITN) last night of those living in a household with at least one ITN,18.2,9,104
Meghalaya,Pregnant women who slept under insecticide-treated mosquito net (ITN) last night of those living in a household with at least one ITN,90.3,33,280
Mizoram,Pregnant women who slept under insecticide-treated mosquito net (ITN) last night of those living in a household with at least one ITN,85.6,9,142
Nagaland,Pregnant women who slept under insecticide-treated mosquito net (ITN) last night of those living in a household with at least one ITN,52.6,26,368
Tripura,Pregnant women who slept under insecticide-treated mosquito net (ITN) last night of those living in a household with at least one ITN,58.7,13,44
Gujarat,Pregnant women who slept under insecticide-treated mosquito net (ITN) last night of those living in a household with at least one ITN,41.1,139,169
Maharashtra,Pregnant women who slept under insecticide-treated mosquito net (ITN) last night of those living in a household with at least one ITN,28.9,59,36
Andhra Pradesh including Telangana,Pregnant women who slept under insecticide-treated mosquito net (ITN) last night of those living in a household with at least one ITN,40.4,85,56
Telangana,Pregnant women who slept under insecticide-treated mosquito net (ITN) last night of those living in a household with at least one ITN,39.2,22,33
Karnataka,Pregnant women who slept under insecticide-treated mosquito net (ITN) last night of those living in a household with at least one ITN,61.1,129,119
New Delhi,Children with fever for whom advice or treatment was sought,89,532,481
Haryana,Children with fever for whom advice or treatment was sought,86.9,317,509
Himachal Pradesh,Children with fever for whom advice or treatment was sought,84.3,106,262
"Jammu, Kashmir & Ladakh",Children with fever for whom advice or treatment was sought,77.8,137,545
Jammu & Kashmir,Children with fever for whom advice or treatment was sought,78,133,474
Ladakh,Children with fever for whom advice or treatment was sought,70.8,4,71
Punjab,Children with fever for whom advice or treatment was sought,65.6,357,529
Rajasthan,Children with fever for whom advice or treatment was sought,86,1337,1354
"Madhya Pradesh, inc Chhattisgarh",Children with fever for whom advice or treatment was sought,75.5,1392,1682
Madhya Pradesh,Children with fever for whom advice or treatment was sought,75.8,1113,1221
Chhattisgarh,Children with fever for whom advice or treatment was sought,74.2,279,461
"Uttar Pradesh, inc Uttarakhand",Children with fever for whom advice or treatment was sought,79.7,4188,3524
Uttar Pradesh,Children with fever for whom advice or treatment was sought,79.7,4024,3228
Uttarakhand,Children with fever for whom advice or treatment was sought,80.7,164,296
"Bihar, inc Jharkhand",Children with fever for whom advice or treatment was sought,81.4,7133,5191
Bihar,Children with fever for whom advice or treatment was sought,82,6472,4214
Jharkhand,Children with fever for whom advice or treatment was sought,74.8,661,977
Odisha,Children with fever for whom advice or treatment was sought,80.1,928,948
West Bengal,Children with fever for whom advice or treatment was sought,80.7,2552,937
Arunachal Pradesh,Children with fever for whom advice or treatment was sought,53.6,15,464
Assam,Children with fever for whom advice or treatment was sought,68.1,1000,1755
Manipur,Children with fever for whom advice or treatment was sought,55.5,57,378
Meghalaya,Children with fever for whom advice or treatment was sought,83.2,192,1536
Mizoram,Children with fever for whom advice or treatment was sought,55.7,18,191
Nagaland,Children with fever for whom advice or treatment was sought,41.1,18,253
Sikkim,Children with fever for whom advice or treatment was sought,65.7,11,81
Tripura,Children with fever for whom advice or treatment was sought,70,98,351
Goa,Children with fever for whom advice or treatment was sought,86.6,36,58
Gujarat,Children with fever for whom advice or treatment was sought,78.1,1039,1086
Maharashtra,Children with fever for whom advice or treatment was sought,82.6,3017,1582
Andhra Pradesh including Telangana,Children with fever for whom advice or treatment was sought,78.4,2085,1867
Andhra Pradesh,Children with fever for whom advice or treatment was sought,76.7,1161,459
Telangana,Children with fever for whom advice or treatment was sought,80.4,924,1408
Karnataka,Children with fever for whom advice or treatment was sought,69.6,1009,914
Kerala,Children with fever for whom advice or treatment was sought,90,1013,585
Tamil Nadu,Children with fever for whom advice or treatment was sought,75.4,680,397
Andaman and Nicobar Islands,Children with fever for whom advice or treatment was sought,75.7,8,80
"Dadra and Nagar Haveli, Daman and Diu",Children with fever for whom advice or treatment was sought,95.7,8,82
Puducherry,Children with fever for whom advice or treatment was sought,74,19,55
New Delhi,Children who took any ACT,12.1,82,74
Haryana,Children who took any ACT,5.6,54,91
Himachal Pradesh,Children who took any ACT,0,9,26
"Jammu, Kashmir & Ladakh",Children who took any ACT,8.8,21,77
Jammu & Kashmir,Children who took any ACT,8.7,21,69
Punjab,Children who took any ACT,1.8,86,130
Rajasthan,Children who took any ACT,6.8,352,341
"Madhya Pradesh, inc Chhattisgarh",Children who took any ACT,4.7,484,568
Madhya Pradesh,Children who took any ACT,5.2,409,443
Chhattisgarh,Children who took any ACT,2.4,76,125
"Uttar Pradesh, inc Uttarakhand",Children who took any ACT,8,1231,1061
Uttar Pradesh,Children who took any ACT,8,1192,988
Uttarakhand,Children who took any ACT,7.6,40,73
"Bihar, inc Jharkhand",Children who took any ACT,5.6,1608,1257
Bihar,Children who took any ACT,5.3,1441,992
Jharkhand,Children who took any ACT,7.5,168,265
Odisha,Children who took any ACT,3.4,231,233
West Bengal,Children who took any ACT,3.4,594,204
Arunachal Pradesh,Children who took any ACT,10.3,2,63
Assam,Children who took any ACT,6.8,171,315
Manipur,Children who took any ACT,6.3,4,31
Meghalaya,Children who took any ACT,0,19,122
Tripura,Children who took any ACT,0,12,43
Gujarat,Children who took any ACT,1,366,386
Maharashtra,Children who took any ACT,7.5,849,442
Andhra Pradesh including Telangana,Children who took any ACT,5.3,711,621
Andhra Pradesh,Children who took any ACT,6.4,423,175
Telangana,Children who took any ACT,3.6,288,446
Karnataka,Children who took any ACT,9.6,270,242
Tamil Nadu,Children who took any ACT,9.6,163,99
"Dadra and Nagar Haveli, Daman and Diu",Children who took any ACT,0,3,29
New Delhi,Children with hemoglobin lower than 8.0 g/dl,10.5,2108,2154
Haryana,Children with hemoglobin lower than 8.0 g/dl,9.6,3304,5258
Himachal Pradesh,Children with hemoglobin lower than 8.0 g/dl,5,801,2208
"Jammu, Kashmir & Ladakh",Children with hemoglobin lower than 8.0 g/dl,10.9,1400,5407
Jammu & Kashmir,Children with hemoglobin lower than 8.0 g/dl,10.1,1377,4962
Ladakh,Children with hemoglobin lower than 8.0 g/dl,56,23,445
Punjab,Children with hemoglobin lower than 8.0 g/dl,11.2,2948,4268
Rajasthan,Children with hemoglobin lower than 8.0 g/dl,6.3,11821,11602
"Madhya Pradesh, inc Chhattisgarh",Children with hemoglobin lower than 8.0 g/dl,8.3,14132,19010
Madhya Pradesh,Children with hemoglobin lower than 8.0 g/dl,9.3,10083,12220
Chhattisgarh,Children with hemoglobin lower than 8.0 g/dl,5.9,4049,6790
"Uttar Pradesh, inc Uttarakhand",Children with hemoglobin lower than 8.0 g/dl,6.8,34301,29483
Uttar Pradesh,Children with hemoglobin lower than 8.0 g/dl,6.8,33061,26585
Uttarakhand,Children with hemoglobin lower than 8.0 g/dl,7.4,1240,2898
"Bihar, inc Jharkhand",Children with hemoglobin lower than 8.0 g/dl,5.7,29068,24474
Bihar,Children with hemoglobin lower than 8.0 g/dl,5.9,23615,16633
Jharkhand,Children with hemoglobin lower than 8.0 g/dl,4.5,5453,7841
Odisha,Children with hemoglobin lower than 8.0 g/dl,4.3,5785,6940
West Bengal,Children with hemoglobin lower than 8.0 g/dl,3.6,13309,4696
Arunachal Pradesh,Children with hemoglobin lower than 8.0 g/dl,4.9,146,4649
Assam,Children with hemoglobin lower than 8.0 g/dl,3,4862,8763
Manipur,Children with hemoglobin lower than 8.0 g/dl,1.8,386,2764
Meghalaya,Children with hemoglobin lower than 8.0 g/dl,1.8,700,5523
Mizoram,Children with hemoglobin lower than 8.0 g/dl,1.7,142,2054
Nagaland,Children with hemoglobin lower than 8.0 g/dl,1.2,186,2613
Sikkim,Children with hemoglobin lower than 8.0 g/dl,3.9,40,477
Tripura,Children with hemoglobin lower than 8.0 g/dl,2.2,511,1751
Goa,Children with hemoglobin lower than 8.0 g/dl,4.5,151,275
Gujarat,Children with hemoglobin lower than 8.0 g/dl,9.1,8019,8086
Maharashtra,Children with hemoglobin lower than 8.0 g/dl,7.9,14633,7764
Andhra Pradesh including Telangana,Children with hemoglobin lower than 8.0 g/dl,8.9,9290,7635
Andhra Pradesh,Children with hemoglobin lower than 8.0 g/dl,8,5628,2166
Telangana,Children with hemoglobin lower than 8.0 g/dl,10.2,3661,5469
Karnataka,Children with hemoglobin lower than 8.0 g/dl,7.4,7929,6634
Kerala,Children with hemoglobin lower than 8.0 g/dl,2.1,3677,2242
Tamil Nadu,Children with hemoglobin lower than 8.0 g/dl,6.2,8892,5348
Andaman and Nicobar Islands,Children with hemoglobin lower than 8.0 g/dl,1.1,34,385
Chandigarh,Children with hemoglobin lower than 8.0 g/dl,4.4,85,128
"Dadra and Nagar Haveli, Daman and Diu",Children with hemoglobin lower than 8.0 g/dl,7.2,74,664
Lakshadweep,Children with hemoglobin lower than 8.0 g/dl,0.5,8,220
Puducherry,Children with hemoglobin lower than 8.0 g/dl,7.8,120,641
