year,state,category,value,unit,note
2024,Andhra Pradesh,Suspected,3242,value in absolute number,Provisional till 31st October 2024
2024,Arunachal Pradesh,Suspected,15,value in absolute number,Provisional till 31st October 2024
2024,Assam,Suspected,69,value in absolute number,Provisional till 31st October 2024
2024,Bihar,Suspected,264,value in absolute number,Provisional till 31st October 2024
2024,Chhattisgarh,Suspected,0,value in absolute number,Provisional till 31st October 2024
2024,Goa,Suspected,354,value in absolute number,Provisional till 31st October 2024
2024,Gujarat,Suspected,23941,value in absolute number,Provisional till 31st October 2024
2024,Haryana,Suspected,1669,value in absolute number,Provisional till 31st October 2024
2024,Himachal Pradesh,Suspected,55,value in absolute number,Provisional till 31st October 2024
2024,Jharkhand,Suspected,3853,value in absolute number,Provisional till 31st October 2024
2024,Karnataka,Suspected,69492,value in absolute number,Provisional till 31st October 2024
2024,Kerala,Suspected,688,value in absolute number,Provisional till 31st October 2024
2024,Madhya Pradesh,Suspected,8891,value in absolute number,Provisional till 31st October 2024
2024,Meghalaya,Suspected,156,value in absolute number,Provisional till 31st October 2024
2024,Mizoram,Suspected,248,value in absolute number,Provisional till 31st October 2024
2024,Maharashtra,Suspected,48458,value in absolute number,Provisional till 31st October 2024
2024,Manipur,Suspected,0,value in absolute number,Provisional till 31st October 2024
2024,Nagaland,Suspected,6,value in absolute number,Provisional till 31st October 2024
2024,Odisha,Suspected,79,value in absolute number,Provisional till 31st October 2024
2024,Punjab,Suspected,1181,value in absolute number,Provisional till 31st October 2024
2024,Rajasthan,Suspected,558,value in absolute number,Provisional till 31st October 2024
2024,Sikkim,Suspected,558,value in absolute number,Provisional till 31st October 2024
2024,Tamil Nadu,Suspected,2251,value in absolute number,Provisional till 31st October 2024
2024,Telangana,Suspected,12869,value in absolute number,Provisional till 31st October 2024
2024,Tripura,Suspected,2723,value in absolute number,Provisional till 31st October 2024
2024,Uttar Pradesh,Suspected,492,value in absolute number,Provisional till 31st October 2024
2024,Uttarakhand,Suspected,938,value in absolute number,Provisional till 31st October 2024
2024,West Bengal,Suspected,160,value in absolute number,Provisional till 31st October 2024
2024,Andaman and Nicobar Islands,Suspected,0,value in absolute number,Provisional till 31st October 2024
2024,Chandigarh,Suspected,0,value in absolute number,Provisional till 31st October 2024
2024,Dadra and Nagar Haveli,Suspected,0,value in absolute number,Provisional till 31st October 2024
2024,Delhi,Suspected,234,value in absolute number,Provisional till 31st October 2024
2024,Jammu and Kashmir,Suspected,1166,value in absolute number,Provisional till 31st October 2024
2024,Lakshadweep,Suspected,266,value in absolute number,Provisional till 31st October 2024
2024,Puducherry,Suspected,7467,value in absolute number,Provisional till 31st October 2024
2024,Andhra Pradesh,Confirmed,184,value in absolute number,Provisional till 31st October 2024
2024,Arunachal Pradesh,Confirmed,1,value in absolute number,Provisional till 31st October 2024
2024,Assam,Confirmed,12,value in absolute number,Provisional till 31st October 2024
2024,Bihar,Confirmed,264,value in absolute number,Provisional till 31st October 2024
2024,Chhattisgarh,Confirmed,0,value in absolute number,Provisional till 31st October 2024
2024,Goa,Confirmed,10,value in absolute number,Provisional till 31st October 2024
2024,Gujarat,Confirmed,532,value in absolute number,Provisional till 31st October 2024
2024,Haryana,Confirmed,23,value in absolute number,Provisional till 31st October 2024
2024,Himachal Pradesh,Confirmed,12,value in absolute number,Provisional till 31st October 2024
2024,Jharkhand,Confirmed,288,value in absolute number,Provisional till 31st October 2024
2024,Karnataka,Confirmed,2213,value in absolute number,Provisional till 31st October 2024
2024,Kerala,Confirmed,20,value in absolute number,Provisional till 31st October 2024
2024,Madhya Pradesh,Confirmed,593,value in absolute number,Provisional till 31st October 2024
2024,Meghalaya,Confirmed,19,value in absolute number,Provisional till 31st October 2024
2024,Mizoram,Confirmed,5,value in absolute number,Provisional till 31st October 2024
2024,Maharashtra,Confirmed,4792,value in absolute number,Provisional till 31st October 2024
2024,Manipur,Confirmed,0,value in absolute number,Provisional till 31st October 2024
2024,Nagaland,Confirmed,1,value in absolute number,Provisional till 31st October 2024
2024,Odisha,Confirmed,11,value in absolute number,Provisional till 31st October 2024
2024,Punjab,Confirmed,96,value in absolute number,Provisional till 31st October 2024
2024,Rajasthan,Confirmed,588,value in absolute number,Provisional till 31st October 2024
2024,Sikkim,Confirmed,1,value in absolute number,Provisional till 31st October 2024
2024,Tamil Nadu,Confirmed,512,value in absolute number,Provisional till 31st October 2024
2024,Telangana,Confirmed,435,value in absolute number,Provisional till 31st October 2024
2024,Tripura,Confirmed,357,value in absolute number,Provisional till 31st October 2024
2024,Uttar Pradesh,Confirmed,492,value in absolute number,Provisional till 31st October 2024
2024,Uttarakhand,Confirmed,435,value in absolute number,Provisional till 31st October 2024
2024,West Bengal,Confirmed,15,value in absolute number,Provisional till 31st October 2024
2024,Andaman and Nicobar Islands,Confirmed,0,value in absolute number,Provisional till 31st October 2024
2024,Chandigarh,Confirmed,0,value in absolute number,Provisional till 31st October 2024
2024,Dadra and Nagar Haveli,Confirmed,0,value in absolute number,Provisional till 31st October 2024
2024,Delhi,Confirmed,234,value in absolute number,Provisional till 31st October 2024
2024,Jammu and Kashmir,Confirmed,237,value in absolute number,Provisional till 31st October 2024
2024,Lakshadweep,Confirmed,0,value in absolute number,Provisional till 31st October 2024
2024,Puducherry,Confirmed,235,value in absolute number,Provisional till 31st October 2024
2023,Andhra Pradesh,Suspected,441,value in absolute number,
2023,Arunachal Pradesh,Suspected,9,value in absolute number,
2023,Assam,Suspected,100,value in absolute number,
2023,Bihar,Suspected,23,value in absolute number,
2023,Chhattisgarh,Suspected,66,value in absolute number,
2023,Goa,Suspected,861,value in absolute number,
2023,Gujarat,Suspected,24124,value in absolute number,
2023,Haryana,Suspected,9472,value in absolute number,
2023,Himachal Pradesh,Suspected,696,value in absolute number,
2023,Jharkhand,Suspected,7154,value in absolute number,
2023,Karnataka,Suspected,72662,value in absolute number,
2023,Kerala,Suspected,1099,value in absolute number,
2023,Madhya Pradesh,Suspected,8947,value in absolute number,
2023,Meghalaya,Suspected,128,value in absolute number,
2023,Mizoram,Suspected,511,value in absolute number,
2023,Maharashtra,Suspected,31181,value in absolute number,
2023,Manipur,Suspected,0,value in absolute number,
2023,Nagaland,Suspected,72,value in absolute number,
2023,Odisha,Suspected,0,value in absolute number,
2023,Punjab,Suspected,6574,value in absolute number,
2023,Rajasthan,Suspected,305,value in absolute number,
2023,Sikkim,Suspected,1116,value in absolute number,
2023,Tamil Nadu,Suspected,4805,value in absolute number,
2023,Telangana,Suspected,761,value in absolute number,
2023,Tripura,Suspected,1557,value in absolute number,
2023,Uttar Pradesh,Suspected,10615,value in absolute number,
2023,Uttarakhand,Suspected,269,value in absolute number,
2023,West Bengal,Suspected,762,value in absolute number,
2023,Andaman and Nicobar Islands,Suspected,654,value in absolute number,
2023,Chandigarh,Suspected,415,value in absolute number,
2023,Dadra and Nagar Haveli,Suspected,0,value in absolute number,
2023,Delhi,Suspected,153,value in absolute number,
2023,Jammu and Kashmir,Suspected,4042,value in absolute number,
2023,Lakshadweep,Suspected,127,value in absolute number,
2023,Puducherry,Suspected,10363,value in absolute number,
2023,Andhra Pradesh,Confirmed,17,value in absolute number,
2023,Arunachal Pradesh,Confirmed,0,value in absolute number,
2023,Assam,Confirmed,16,value in absolute number,
2023,Bihar,Confirmed,23,value in absolute number,
2023,Chhattisgarh,Confirmed,5,value in absolute number,
2023,Goa,Confirmed,8,value in absolute number,
2023,Gujarat,Confirmed,513,value in absolute number,
2023,Haryana,Confirmed,612,value in absolute number,
2023,Himachal Pradesh,Confirmed,19,value in absolute number,
2023,Jharkhand,Confirmed,762,value in absolute number,
2023,Karnataka,Confirmed,1910,value in absolute number,
2023,Kerala,Confirmed,31,value in absolute number,
2023,Madhya Pradesh,Confirmed,315,value in absolute number,
2023,Meghalaya,Confirmed,16,value in absolute number,
2023,Mizoram,Confirmed,44,value in absolute number,
2023,Maharashtra,Confirmed,1702,value in absolute number,
2023,Manipur,Confirmed,0,value in absolute number,
2023,Nagaland,Confirmed,1,value in absolute number,
2023,Odisha,Confirmed,0,value in absolute number,
2023,Punjab,Confirmed,2072,value in absolute number,
2023,Rajasthan,Confirmed,305,value in absolute number,
2023,Sikkim,Confirmed,2,value in absolute number,
2023,Tamil Nadu,Confirmed,222,value in absolute number,
2023,Telangana,Confirmed,51,value in absolute number,
2023,Tripura,Confirmed,188,value in absolute number,
2023,Uttar Pradesh,Confirmed,1401,value in absolute number,
2023,Uttarakhand,Confirmed,17,value in absolute number,
2023,West Bengal,Confirmed,32,value in absolute number,
2023,Andaman and Nicobar Islands,Confirmed,32,value in absolute number,
2023,Chandigarh,Confirmed,8,value in absolute number,
2023,Dadra and Nagar Haveli,Confirmed,0,value in absolute number,
2023,Delhi,Confirmed,153,value in absolute number,
2023,Jammu and Kashmir,Confirmed,892,value in absolute number,
2023,Lakshadweep,Confirmed,0,value in absolute number,
2023,Puducherry,Confirmed,108,value in absolute number,
2022,Andhra Pradesh,Suspected,1611,value in absolute number,
2022,Arunachal Pradesh,Suspected,0,value in absolute number,
2022,Assam,Suspected,0,value in absolute number,
2022,Bihar,Suspected,67,value in absolute number,
2022,Chhattisgarh,Suspected,252,value in absolute number,
2022,Goa,Suspected,868,value in absolute number,
2022,Gujarat,Suspected,20855,value in absolute number,
2022,Haryana,Suspected,2425,value in absolute number,
2022,Himachal Pradesh,Suspected,253,value in absolute number,
2022,Jharkhand,Suspected,2113,value in absolute number,
2022,Karnataka,Suspected,65340,value in absolute number,
2022,Kerala,Suspected,1511,value in absolute number,
2022,Madhya Pradesh,Suspected,4252,value in absolute number,
2022,Meghalaya,Suspected,0,value in absolute number,
2022,Mizoram,Suspected,195,value in absolute number,
2022,Maharashtra,Suspected,14785,value in absolute number,
2022,Manipur,Suspected,0,value in absolute number,
2022,Odisha,Suspected,0,value in absolute number,
2022,Punjab,Suspected,1087,value in absolute number,
2022,Rajasthan,Suspected,212,value in absolute number,
2022,Sikkim,Suspected,1863,value in absolute number,
2022,Tamil Nadu,Suspected,4365,value in absolute number,
2022,Telangana,Suspected,6608,value in absolute number,
2022,Tripura,Suspected,885,value in absolute number,
2022,Uttar Pradesh,Suspected,200,value in absolute number,
2022,Uttarakhand,Suspected,2000,value in absolute number,
2022,West Bengal,Suspected,1533,value in absolute number,
2022,Andaman and Nicobar Islands,Suspected,65,value in absolute number,
2022,Chandigarh,Suspected,3600,value in absolute number,
2022,Dadra and Nagar Haveli,Suspected,1,value in absolute number,
2022,Delhi,Suspected,61,value in absolute number,
2022,Jammu and Kashmir,Suspected,37,value in absolute number,
2022,Lakshadweep,Suspected,103,value in absolute number,
2022,Puducherry,Suspected,11440,value in absolute number,
2022,Andhra Pradesh,Confirmed,26,value in absolute number,
2022,Arunachal Pradesh,Confirmed,0,value in absolute number,
2022,Assam,Confirmed,0,value in absolute number,
2022,Bihar,Confirmed,67,value in absolute number,
2022,Chhattisgarh,Confirmed,1,value in absolute number,
2022,Goa,Confirmed,106,value in absolute number,
2022,Gujarat,Confirmed,1046,value in absolute number,
2022,Haryana,Confirmed,242,value in absolute number,
2022,Himachal Pradesh,Confirmed,6,value in absolute number,
2022,Jharkhand,Confirmed,249,value in absolute number,
2022,Karnataka,Confirmed,2312,value in absolute number,
2022,Kerala,Confirmed,81,value in absolute number,
2022,Madhya Pradesh,Confirmed,399,value in absolute number,
2022,Meghalaya,Confirmed,0,value in absolute number,
2022,Mizoram,Confirmed,53,value in absolute number,
2022,Maharashtra,Confirmed,1087,value in absolute number,
2022,Manipur,Confirmed,0,value in absolute number,
2022,Odisha,Confirmed,0,value in absolute number,
2022,Punjab,Confirmed,469,value in absolute number,
2022,Rajasthan,Confirmed,212,value in absolute number,
2022,Sikkim,Confirmed,4,value in absolute number,
2022,Tamil Nadu,Confirmed,181,value in absolute number,
2022,Telangana,Confirmed,107,value in absolute number,
2022,Tripura,Confirmed,17,value in absolute number,
2022,Uttar Pradesh,Confirmed,200,value in absolute number,
2022,Uttarakhand,Confirmed,593,value in absolute number,
2022,West Bengal,Confirmed,148,value in absolute number,
2022,Andaman and Nicobar Islands,Confirmed,0,value in absolute number,
2022,Chandigarh,Confirmed,155,value in absolute number,
2022,Dadra and Nagar Haveli,Confirmed,1,value in absolute number,
2022,Delhi,Confirmed,61,value in absolute number,
2022,Jammu and Kashmir,Confirmed,5,value in absolute number,
2022,Lakshadweep,Confirmed,0,value in absolute number,
2022,Puducherry,Confirmed,239,value in absolute number,
2021,Andhra Pradesh,Suspected,753,value in absolute number,
2021,Andhra Pradesh,Confirmed,48,value in absolute number,
2021,Arunachal Pradesh,Suspected,0,value in absolute number,
2021,Arunachal Pradesh,Confirmed,0,value in absolute number,
2021,Assam,Suspected,2,value in absolute number,
2021,Assam,Confirmed,2,value in absolute number,
2021,Bihar,Suspected,40,value in absolute number,
2021,Bihar,Confirmed,40,value in absolute number,
2021,Goa,Suspected,114,value in absolute number,
2021,Goa,Confirmed,12,value in absolute number,
2021,Gujarat,Suspected,32372,value in absolute number,
2021,Gujarat,Confirmed,4044,value in absolute number,
2021,Haryana,Suspected,765,value in absolute number,
2021,Haryana,Confirmed,21,value in absolute number,
2021,Jammu and Kashmir,Suspected,7,value in absolute number,
2021,Jammu and Kashmir,Confirmed,7,value in absolute number,
2021,Jharkhand,Suspected,1064,value in absolute number,
2021,Jharkhand,Confirmed,215,value in absolute number,
2021,Karnataka,Suspected,40134,value in absolute number,
2021,Karnataka,Confirmed,2188,value in absolute number,
2021,Kerala,Suspected,3030,value in absolute number,
2021,Kerala,Confirmed,334,value in absolute number,
2021,Madhya Pradesh,Suspected,3822,value in absolute number,
2021,Madhya Pradesh,Confirmed,397,value in absolute number,
2021,Meghalaya,Suspected,0,value in absolute number,
2021,Meghalaya,Confirmed,0,value in absolute number,
2021,Mizoram,Suspected,0,value in absolute number,
2021,Mizoram,Confirmed,0,value in absolute number,
2021,Maharashtra,Suspected,21680,value in absolute number,
2021,Maharashtra,Confirmed,2526,value in absolute number,
2021,Manipur,Suspected,0,value in absolute number,
2021,Manipur,Confirmed,0,value in absolute number,
2021,Odisha,Suspected,0,value in absolute number,
2021,Odisha,Confirmed,0,value in absolute number,
2021,Punjab,Suspected,644,value in absolute number,
2021,Punjab,Confirmed,144,value in absolute number,
2021,Rajasthan,Suspected,1157,value in absolute number,
2021,Rajasthan,Confirmed,1157,value in absolute number,
2021,Sikkim,Suspected,457,value in absolute number,
2021,Sikkim,Confirmed,32,value in absolute number,
2021,Tamil Nadu,Suspected,3654,value in absolute number,
2021,Tamil Nadu,Confirmed,153,value in absolute number,
2021,Telangana,Suspected,220,value in absolute number,
2021,Telangana,Confirmed,76,value in absolute number,
2021,Tripura,Suspected,948,value in absolute number,
2021,Tripura,Confirmed,20,value in absolute number,
2021,Uttar Pradesh,Suspected,70,value in absolute number,
2021,Uttar Pradesh,Confirmed,70,value in absolute number,
2021,Uttarakhand,Suspected,3,value in absolute number,
2021,Uttarakhand,Confirmed,1,value in absolute number,
2021,West Bengal,Suspected,154,value in absolute number,
2021,West Bengal,Confirmed,20,value in absolute number,
2021,Andaman and Nicobar Islands,Suspected,187,value in absolute number,
2021,Andaman and Nicobar Islands,Confirmed,0,value in absolute number,
2021,Chandigarh,Suspected,397,value in absolute number,
2021,Chandigarh,Confirmed,7,value in absolute number,
2021,Dadra and Nagar Haveli,Suspected,0,value in absolute number,
2021,Dadra and Nagar Haveli,Confirmed,0,value in absolute number,
2021,Delhi,Suspected,112,value in absolute number,
2021,Delhi,Confirmed,112,value in absolute number,
2021,Puducherry,Suspected,7284,value in absolute number,
2021,Puducherry,Confirmed,264,value in absolute number,
2020,Andhra Pradesh,Suspected,318,value in absolute number,
2020,Andhra Pradesh,Confirmed,28,value in absolute number,
2020,Arunachal Pradesh,Suspected,0,value in absolute number,
2020,Arunachal Pradesh,Confirmed,0,value in absolute number,
2020,Assam,Suspected,0,value in absolute number,
2020,Assam,Confirmed,0,value in absolute number,
2020,Bihar,Suspected,38,value in absolute number,
2020,Bihar,Confirmed,38,value in absolute number,
2020,Goa,Suspected,64,value in absolute number,
2020,Goa,Confirmed,15,value in absolute number,
2020,Gujarat,Suspected,8120,value in absolute number,
2020,Gujarat,Confirmed,1061,value in absolute number,
2020,Haryana,Suspected,930,value in absolute number,
2020,Haryana,Confirmed,14,value in absolute number,
2020,Jammu and Kashmir,Suspected,1,value in absolute number,
2020,Jammu and Kashmir,Confirmed,1,value in absolute number,
2020,Jharkhand,Suspected,627,value in absolute number,
2020,Jharkhand,Confirmed,157,value in absolute number,
2020,Karnataka,Suspected,16111,value in absolute number,
2020,Karnataka,Confirmed,1326,value in absolute number,
2020,Kerala,Suspected,2302,value in absolute number,
2020,Kerala,Confirmed,752,value in absolute number,
2020,Madhya Pradesh,Suspected,1871,value in absolute number,
2020,Madhya Pradesh,Confirmed,133,value in absolute number,
2020,Meghalaya,Suspected,3,value in absolute number,
2020,Meghalaya,Confirmed,0,value in absolute number,
2020,Mizoram,Suspected,34,value in absolute number,
2020,Mizoram,Confirmed,0,value in absolute number,
2020,Maharashtra,Suspected,4258,value in absolute number,
2020,Maharashtra,Confirmed,782,value in absolute number,
2020,Manipur,Suspected,0,value in absolute number,
2020,Manipur,Confirmed,0,value in absolute number,
2020,Odisha,Suspected,15,value in absolute number,
2020,Odisha,Confirmed,2,value in absolute number,
2020,Punjab,Suspected,25,value in absolute number,
2020,Punjab,Confirmed,0,value in absolute number,
2020,Rajasthan,Suspected,1015,value in absolute number,
2020,Rajasthan,Confirmed,1015,value in absolute number,
2020,Sikkim,Suspected,253,value in absolute number,
2020,Sikkim,Confirmed,13,value in absolute number,
2020,Tamil Nadu,Suspected,1461,value in absolute number,
2020,Tamil Nadu,Confirmed,224,value in absolute number,
2020,Telangana,Suspected,364,value in absolute number,
2020,Telangana,Confirmed,183,value in absolute number,
2020,Tripura,Suspected,454,value in absolute number,
2020,Tripura,Confirmed,27,value in absolute number,
2020,Uttar Pradesh,Suspected,53,value in absolute number,
2020,Uttar Pradesh,Confirmed,53,value in absolute number,
2020,Uttarakhand,Suspected,0,value in absolute number,
2020,Uttarakhand,Confirmed,0,value in absolute number,
2020,West Bengal,Suspected,391,value in absolute number,
2020,West Bengal,Confirmed,82,value in absolute number,
2020,Andaman and Nicobar Islands,Suspected,610,value in absolute number,
2020,Andaman and Nicobar Islands,Confirmed,16,value in absolute number,
2020,Chandigarh,Suspected,0,value in absolute number,
2020,Chandigarh,Confirmed,0,value in absolute number,
2020,Dadra and Nagar Haveli,Suspected,0,value in absolute number,
2020,Dadra and Nagar Haveli,Confirmed,0,value in absolute number,
2020,Delhi,Suspected,126,value in absolute number,
2020,Delhi,Confirmed,126,value in absolute number,
2020,Puducherry,Suspected,3980,value in absolute number,
2020,Puducherry,Confirmed,276,value in absolute number,
2019,Andhra Pradesh,Suspected,832,value in absolute number,
2019,Andhra Pradesh,Confirmed,88,value in absolute number,
2019,Arunachal Pradesh,Suspected,332,value in absolute number,
2019,Arunachal Pradesh,Confirmed,55,value in absolute number,
2019,Assam,Suspected,0,value in absolute number,
2019,Assam,Confirmed,0,value in absolute number,
2019,Bihar,Suspected,594,value in absolute number,
2019,Bihar,Confirmed,594,value in absolute number,
2019,Goa,Suspected,867,value in absolute number,
2019,Goa,Confirmed,366,value in absolute number,
2019,Gujarat,Suspected,8084,value in absolute number,
2019,Gujarat,Confirmed,669,value in absolute number,
2019,Haryana,Suspected,0,value in absolute number,
2019,Haryana,Confirmed,0,value in absolute number,
2019,Jammu and Kashmir,Suspected,0,value in absolute number,
2019,Jammu and Kashmir,Confirmed,0,value in absolute number,
2019,Jharkhand,Suspected,1691,value in absolute number,
2019,Jharkhand,Confirmed,169,value in absolute number,
2019,Karnataka,Suspected,43698,value in absolute number,
2019,Karnataka,Confirmed,3664,value in absolute number,
2019,Kerala,Suspected,109,value in absolute number,
2019,Kerala,Confirmed,109,value in absolute number,
2019,Madhya Pradesh,Suspected,2749,value in absolute number,
2019,Madhya Pradesh,Confirmed,756,value in absolute number,
2019,Meghalaya,Suspected,114,value in absolute number,
2019,Meghalaya,Confirmed,48,value in absolute number,
2019,Mizoram,Suspected,0,value in absolute number,
2019,Mizoram,Confirmed,0,value in absolute number,
2019,Maharashtra,Suspected,5158,value in absolute number,
2019,Maharashtra,Confirmed,1646,value in absolute number,
2019,Manipur,Suspected,40,value in absolute number,
2019,Manipur,Confirmed,3,value in absolute number,
2019,Odisha,Suspected,242,value in absolute number,
2019,Odisha,Confirmed,21,value in absolute number,
2019,Punjab,Suspected,372,value in absolute number,
2019,Punjab,Confirmed,11,value in absolute number,
2019,Rajasthan,Suspected,365,value in absolute number,
2019,Rajasthan,Confirmed,365,value in absolute number,
2019,Sikkim,Suspected,1126,value in absolute number,
2019,Sikkim,Confirmed,95,value in absolute number,
2019,Tamil Nadu,Suspected,623,value in absolute number,
2019,Tamil Nadu,Confirmed,623,value in absolute number,
2019,Telangana,Suspected,5352,value in absolute number,
2019,Telangana,Confirmed,1358,value in absolute number,
2019,Tripura,Suspected,1105,value in absolute number,
2019,Tripura,Confirmed,125,value in absolute number,
2019,Uttar Pradesh,Suspected,72,value in absolute number,
2019,Uttar Pradesh,Confirmed,72,value in absolute number,
2019,Uttarakhand,Suspected,1,value in absolute number,
2019,Uttarakhand,Confirmed,1,value in absolute number,
2019,West Bengal,Suspected,0,value in absolute number,Not reported
2019,West Bengal,Confirmed,0,value in absolute number,Not reported
2019,Andaman and Nicobar Islands,Suspected,702,value in absolute number,
2019,Andaman and Nicobar Islands,Confirmed,53,value in absolute number,
2019,Chandigarh,Suspected,82,value in absolute number,
2019,Chandigarh,Confirmed,0,value in absolute number,
2019,Dadra and Nagar Haveli,Suspected,0,value in absolute number,
2019,Dadra and Nagar Haveli,Confirmed,0,value in absolute number,
2019,Delhi,Suspected,520,value in absolute number,
2019,Delhi,Confirmed,520,value in absolute number,
2019,Puducherry,Suspected,7084,value in absolute number,
2019,Puducherry,Confirmed,794,value in absolute number,
2018,Andhra Pradesh,Suspected,622,value in absolute number,
2018,Andhra Pradesh,Confirmed,79,value in absolute number,
2018,Arunachal Pradesh,Suspected,507,value in absolute number,
2018,Arunachal Pradesh,Confirmed,1,value in absolute number,
2018,Assam,Suspected,3,value in absolute number,
2018,Assam,Confirmed,3,value in absolute number,
2018,Bihar,Suspected,156,value in absolute number,
2018,Bihar,Confirmed,156,value in absolute number,
2018,Goa,Suspected,455,value in absolute number,
2018,Goa,Confirmed,77,value in absolute number,
2018,Gujarat,Suspected,10601,value in absolute number,
2018,Gujarat,Confirmed,1290,value in absolute number,
2018,Haryana,Suspected,62,value in absolute number,
2018,Haryana,Confirmed,3,value in absolute number,
2018,Jammu and Kashmir,Suspected,1,value in absolute number,
2018,Jammu and Kashmir,Confirmed,1,value in absolute number,
2018,Jharkhand,Suspected,3405,value in absolute number,
2018,Jharkhand,Confirmed,851,value in absolute number,
2018,Karnataka,Suspected,20411,value in absolute number,
2018,Karnataka,Confirmed,2546,value in absolute number,
2018,Kerala,Suspected,77,value in absolute number,
2018,Kerala,Confirmed,77,value in absolute number,
2018,Madhya Pradesh,Suspected,3211,value in absolute number,
2018,Madhya Pradesh,Confirmed,1609,value in absolute number,
2018,Meghalaya,Suspected,44,value in absolute number,
2018,Meghalaya,Confirmed,2,value in absolute number,
2018,Mizoram,Suspected,93,value in absolute number,
2018,Mizoram,Confirmed,10,value in absolute number,
2018,Maharashtra,Suspected,9884,value in absolute number,
2018,Maharashtra,Confirmed,1009,value in absolute number,
2018,Manipur,Suspected,2,value in absolute number,
2018,Manipur,Confirmed,0,value in absolute number,
2018,Odisha,Suspected,0,value in absolute number,
2018,Odisha,Confirmed,0,value in absolute number,
2018,Punjab,Suspected,736,value in absolute number,
2018,Punjab,Confirmed,25,value in absolute number,
2018,Rajasthan,Suspected,254,value in absolute number,
2018,Rajasthan,Confirmed,254,value in absolute number,
2018,Sikkim,Suspected,384,value in absolute number,
2018,Sikkim,Confirmed,28,value in absolute number,
2018,Tamil Nadu,Suspected,284,value in absolute number,
2018,Tamil Nadu,Confirmed,284,value in absolute number,
2018,Telangana,Suspected,1954,value in absolute number,
2018,Telangana,Confirmed,489,value in absolute number,
2018,Tripura,Suspected,683,value in absolute number,
2018,Tripura,Confirmed,75,value in absolute number,
2018,Uttar Pradesh,Suspected,58,value in absolute number,
2018,Uttar Pradesh,Confirmed,58,value in absolute number,
2018,Uttarakhand,Suspected,29,value in absolute number,
2018,Uttarakhand,Confirmed,7,value in absolute number,
2018,West Bengal,Suspected,52,value in absolute number,
2018,West Bengal,Confirmed,23,value in absolute number,
2018,Andaman and Nicobar Islands,Suspected,205,value in absolute number,
2018,Andaman and Nicobar Islands,Confirmed,27,value in absolute number,
2018,Chandigarh,Suspected,357,value in absolute number,
2018,Chandigarh,Confirmed,4,value in absolute number,
2018,Dadra and Nagar Haveli,Suspected,0,value in absolute number,
2018,Dadra and Nagar Haveli,Confirmed,0,value in absolute number,
2018,Delhi,Suspected,407,value in absolute number,
2018,Delhi,Confirmed,407,value in absolute number,
2018,Puducherry,Suspected,2876,value in absolute number,
2018,Puducherry,Confirmed,361,value in absolute number,
2017,Andhra Pradesh,Suspected,1162,value in absolute number,
2017,Andhra Pradesh,Confirmed,108,value in absolute number,
2017,Arunachal Pradesh,Suspected,133,value in absolute number,
2017,Arunachal Pradesh,Confirmed,0,value in absolute number,
2017,Assam,Suspected,41,value in absolute number,
2017,Assam,Confirmed,41,value in absolute number,
2017,Bihar,Suspected,1251,value in absolute number,
2017,Bihar,Confirmed,1251,value in absolute number,
2017,Goa,Suspected,509,value in absolute number,
2017,Goa,Confirmed,48,value in absolute number,
2017,Gujarat,Suspected,7953,value in absolute number,
2017,Gujarat,Confirmed,1363,value in absolute number,
2017,Haryana,Suspected,220,value in absolute number,
2017,Haryana,Confirmed,6,value in absolute number,
2017,Jammu and Kashmir,Suspected,0,value in absolute number,
2017,Jammu and Kashmir,Confirmed,0,value in absolute number,
2017,Jharkhand,Suspected,269,value in absolute number,
2017,Jharkhand,Confirmed,17,value in absolute number,
2017,Karnataka,Suspected,32831,value in absolute number,
2017,Karnataka,Confirmed,3511,value in absolute number,
2017,Kerala,Suspected,78,value in absolute number,
2017,Kerala,Confirmed,74,value in absolute number,
2017,Madhya Pradesh,Suspected,2477,value in absolute number,
2017,Madhya Pradesh,Confirmed,858,value in absolute number,
2017,Meghalaya,Suspected,236,value in absolute number,
2017,Meghalaya,Confirmed,45,value in absolute number,
2017,Mizoram,Suspected,0,value in absolute number,
2017,Mizoram,Confirmed,0,value in absolute number,
2017,Maharashtra,Suspected,8110,value in absolute number,
2017,Maharashtra,Confirmed,1438,value in absolute number,
2017,Manipur,Suspected,0,value in absolute number,
2017,Manipur,Confirmed,0,value in absolute number,
2017,Odisha,Suspected,0,value in absolute number,
2017,Odisha,Confirmed,0,value in absolute number,
2017,Punjab,Suspected,3251,value in absolute number,
2017,Punjab,Confirmed,201,value in absolute number,
2017,Rajasthan,Suspected,1612,value in absolute number,
2017,Rajasthan,Confirmed,1612,value in absolute number,
2017,Sikkim,Suspected,130,value in absolute number,
2017,Sikkim,Confirmed,8,value in absolute number,
2017,Tamil Nadu,Suspected,131,value in absolute number,
2017,Tamil Nadu,Confirmed,131,value in absolute number,
2017,Telangana,Suspected,1277,value in absolute number,
2017,Telangana,Confirmed,58,value in absolute number,
2017,Tripura,Suspected,574,value in absolute number,
2017,Tripura,Confirmed,64,value in absolute number,
2017,Uttar Pradesh,Suspected,103,value in absolute number,
2017,Uttar Pradesh,Confirmed,103,value in absolute number,
2017,Uttarakhand,Suspected,0,value in absolute number,
2017,Uttarakhand,Confirmed,0,value in absolute number,
2017,West Bengal,Suspected,2103,value in absolute number,
2017,West Bengal,Confirmed,577,value in absolute number,
2017,Andaman and Nicobar Islands,Suspected,93,value in absolute number,
2017,Andaman and Nicobar Islands,Confirmed,17,value in absolute number,
2017,Chandigarh,Suspected,1810,value in absolute number,
2017,Chandigarh,Confirmed,54,value in absolute number,
2017,Dadra and Nagar Haveli,Suspected,0,value in absolute number,
2017,Dadra and Nagar Haveli,Confirmed,0,value in absolute number,
2017,Delhi,Suspected,940,value in absolute number,
2017,Delhi,Confirmed,940,value in absolute number,
2017,Puducherry,Suspected,475,value in absolute number,
2017,Puducherry,Confirmed,23,value in absolute number,
2016,Andhra Pradesh,Suspected,960,value in absolute number,
2016,Andhra Pradesh,Confirmed,147,value in absolute number,
2016,Arunachal Pradesh,Suspected,239,value in absolute number,
2016,Arunachal Pradesh,Confirmed,8,value in absolute number,
2016,Assam,Suspected,40,value in absolute number,
2016,Assam,Confirmed,40,value in absolute number,
2016,Bihar,Suspected,566,value in absolute number,
2016,Bihar,Confirmed,566,value in absolute number,
2016,Goa,Suspected,337,value in absolute number,
2016,Goa,Confirmed,49,value in absolute number,
2016,Gujarat,Suspected,3285,value in absolute number,
2016,Gujarat,Confirmed,847,value in absolute number,
2016,Haryana,Suspected,5394,value in absolute number,
2016,Haryana,Confirmed,1970,value in absolute number,
2016,Jammu and Kashmir,Suspected,1,value in absolute number,
2016,Jammu and Kashmir,Confirmed,1,value in absolute number,
2016,Jharkhand,Suspected,47,value in absolute number,
2016,Jharkhand,Confirmed,14,value in absolute number,
2016,Karnataka,Suspected,15666,value in absolute number,
2016,Karnataka,Confirmed,1528,value in absolute number,
2016,Kerala,Suspected,129,value in absolute number,
2016,Kerala,Confirmed,129,value in absolute number,
2016,Madhya Pradesh,Suspected,2280,value in absolute number,
2016,Madhya Pradesh,Confirmed,862,value in absolute number,
2016,Meghalaya,Suspected,360,value in absolute number,
2016,Meghalaya,Confirmed,68,value in absolute number,
2016,Mizoram,Suspected,0,value in absolute number,
2016,Mizoram,Confirmed,0,value in absolute number,
2016,Maharashtra,Suspected,7570,value in absolute number,
2016,Maharashtra,Confirmed,2949,value in absolute number,
2016,Manipur,Suspected,0,value in absolute number,
2016,Manipur,Confirmed,0,value in absolute number,
2016,Odisha,Suspected,51,value in absolute number,
2016,Odisha,Confirmed,15,value in absolute number,
2016,Punjab,Suspected,4407,value in absolute number,
2016,Punjab,Confirmed,2054,value in absolute number,
2016,Rajasthan,Suspected,2506,value in absolute number,
2016,Rajasthan,Confirmed,2215,value in absolute number,
2016,Sikkim,Suspected,30,value in absolute number,
2016,Sikkim,Confirmed,5,value in absolute number,
2016,Tamil Nadu,Suspected,86,value in absolute number,
2016,Tamil Nadu,Confirmed,86,value in absolute number,
2016,Telangana,Suspected,611,value in absolute number,
2016,Telangana,Confirmed,71,value in absolute number,
2016,Tripura,Suspected,311,value in absolute number,
2016,Tripura,Confirmed,70,value in absolute number,
2016,Uttar Pradesh,Suspected,2458,value in absolute number,
2016,Uttar Pradesh,Confirmed,2458,value in absolute number,
2016,Uttarakhand,Suspected,35,value in absolute number,
2016,Uttarakhand,Confirmed,10,value in absolute number,
2016,West Bengal,Suspected,1071,value in absolute number,
2016,West Bengal,Confirmed,117,value in absolute number,
2016,Andaman and Nicobar Islands,Suspected,18,value in absolute number,
2016,Andaman and Nicobar Islands,Confirmed,0,value in absolute number,
2016,Chandigarh,Suspected,2857,value in absolute number,
2016,Chandigarh,Confirmed,272,value in absolute number,
2016,Dadra and Nagar Haveli,Suspected,0,value in absolute number,
2016,Dadra and Nagar Haveli,Confirmed,0,value in absolute number,
2016,Delhi,Suspected,12279,value in absolute number,
2016,Delhi,Confirmed,9793,value in absolute number,
2016,Puducherry,Suspected,463,value in absolute number,
2016,Puducherry,Confirmed,20,value in absolute number,
2015,Andhra Pradesh,Suspected,817,value in absolute number,
2015,Andhra Pradesh,Confirmed,83,value in absolute number,
2015,Arunachal Pradesh,Suspected,35,value in absolute number,
2015,Arunachal Pradesh,Confirmed,6,value in absolute number,
2015,Assam,Suspected,0,value in absolute number,
2015,Assam,Confirmed,0,value in absolute number,
2015,Bihar,Suspected,3,value in absolute number,
2015,Bihar,Confirmed,1,value in absolute number,
2015,Goa,Suspected,561,value in absolute number,
2015,Goa,Confirmed,32,value in absolute number,
2015,Gujarat,Suspected,406,value in absolute number,
2015,Gujarat,Confirmed,42,value in absolute number,
2015,Haryana,Suspected,1,value in absolute number,
2015,Haryana,Confirmed,1,value in absolute number,
2015,Jammu and Kashmir,Suspected,0,value in absolute number,
2015,Jammu and Kashmir,Confirmed,0,value in absolute number,
2015,Jharkhand,Suspected,21,value in absolute number,
2015,Jharkhand,Confirmed,0,value in absolute number,
2015,Karnataka,Suspected,20763,value in absolute number,
2015,Karnataka,Confirmed,2099,value in absolute number,
2015,Kerala,Suspected,175,value in absolute number,
2015,Kerala,Confirmed,152,value in absolute number,
2015,Madhya Pradesh,Suspected,67,value in absolute number,
2015,Madhya Pradesh,Confirmed,11,value in absolute number,
2015,Meghalaya,Suspected,78,value in absolute number,
2015,Meghalaya,Confirmed,15,value in absolute number,
2015,Mizoram,Suspected,0,value in absolute number,
2015,Mizoram,Confirmed,0,value in absolute number,
2015,Maharashtra,Suspected,391,value in absolute number,
2015,Maharashtra,Confirmed,207,value in absolute number,
2015,Manipur,Suspected,0,value in absolute number,
2015,Manipur,Confirmed,0,value in absolute number,
2015,Odisha,Suspected,81,value in absolute number,
2015,Odisha,Confirmed,46,value in absolute number,
2015,Punjab,Suspected,180,value in absolute number,
2015,Punjab,Confirmed,18,value in absolute number,
2015,Rajasthan,Suspected,7,value in absolute number,
2015,Rajasthan,Confirmed,7,value in absolute number,
2015,Sikkim,Suspected,0,value in absolute number,
2015,Sikkim,Confirmed,0,value in absolute number,
2015,Tamil Nadu,Suspected,329,value in absolute number,
2015,Tamil Nadu,Confirmed,329,value in absolute number,
2015,Telangana,Suspected,2067,value in absolute number,
2015,Telangana,Confirmed,149,value in absolute number,
2015,Tripura,Suspected,180,value in absolute number,
2015,Tripura,Confirmed,7,value in absolute number,
2015,Uttar Pradesh,Suspected,0,value in absolute number,
2015,Uttar Pradesh,Confirmed,0,value in absolute number,
2015,Uttarakhand,Suspected,0,value in absolute number,
2015,Uttarakhand,Confirmed,0,value in absolute number,
2015,West Bengal,Suspected,1013,value in absolute number,
2015,West Bengal,Confirmed,61,value in absolute number,
2015,Andaman and Nicobar Islands,Suspected,68,value in absolute number,
2015,Andaman and Nicobar Islands,Confirmed,3,value in absolute number,
2015,Chandigarh,Suspected,1,value in absolute number,
2015,Chandigarh,Confirmed,1,value in absolute number,
2015,Dadra and Nagar Haveli,Suspected,0,value in absolute number,
2015,Dadra and Nagar Haveli,Confirmed,0,value in absolute number,
2015,Delhi,Suspected,64,value in absolute number,
2015,Delhi,Confirmed,64,value in absolute number,
2015,Puducherry,Suspected,245,value in absolute number,
2015,Puducherry,Confirmed,8,value in absolute number,
2014,Andhra Pradesh,Suspected,1359,value in absolute number,
2014,Arunachal Pradesh,Suspected,0,value in absolute number,
2014,Assam,Suspected,0,value in absolute number,
2014,Bihar,Suspected,0,value in absolute number,
2014,Delhi,Suspected,8,value in absolute number,
2014,Goa,Suspected,1205,value in absolute number,
2014,Gujarat,Suspected,574,value in absolute number,
2014,Haryana,Suspected,3,value in absolute number,
2014,Jammu and Kashmir,Suspected,0,value in absolute number,
2014,Jharkhand,Suspected,11,value in absolute number,
2014,Karnataka,Suspected,6962,value in absolute number,
2014,Kerala,Suspected,272,value in absolute number,
2014,Madhya Pradesh,Suspected,161,value in absolute number,
2014,Meghalaya,Suspected,0,value in absolute number,
2014,Maharashtra,Suspected,1572,value in absolute number,
2014,Odisha,Suspected,10,value in absolute number,
2014,Punjab,Suspected,2,value in absolute number,
2014,Puducherry,Suspected,399,value in absolute number,
2014,Rajasthan,Suspected,50,value in absolute number,
2014,Sikkim,Suspected,0,value in absolute number,
2014,Tamil Nadu,Suspected,543,value in absolute number,
2014,Telangana,Suspected,1687,value in absolute number,
2014,Tripura,Suspected,34,value in absolute number,
2014,Uttar Pradesh,Suspected,4,value in absolute number,
2014,Uttarakhand,Suspected,0,value in absolute number,
2014,West Bengal,Suspected,1032,value in absolute number,
2014,Andaman and Nicobar Islands,Suspected,161,value in absolute number,
2014,Chandigarh,Suspected,0,value in absolute number,
2014,Dadra and Nagar Haveli,Suspected,0,value in absolute number,
2014,Lakshadweep,Suspected,0,value in absolute number,
2013,Andhra Pradesh,Suspected,4827,value in absolute number,
2013,Arunachal Pradesh,Suspected,0,value in absolute number,
2013,Assam,Suspected,742,value in absolute number,
2013,Bihar,Suspected,0,value in absolute number,
2013,Delhi,Suspected,18,value in absolute number,
2013,Goa,Suspected,1049,value in absolute number,
2013,Gujarat,Suspected,2890,value in absolute number,
2013,Haryana,Suspected,1,value in absolute number,
2013,Jammu and Kashmir,Suspected,0,value in absolute number,
2013,Jharkhand,Suspected,61,value in absolute number,
2013,Karnataka,Suspected,5295,value in absolute number,
2013,Kerala,Suspected,273,value in absolute number,
2013,Madhya Pradesh,Suspected,139,value in absolute number,
2013,Meghalaya,Suspected,0,value in absolute number,
2013,Maharashtra,Suspected,1578,value in absolute number,
2013,Odisha,Suspected,35,value in absolute number,
2013,Punjab,Suspected,0,value in absolute number,
2013,Puducherry,Suspected,146,value in absolute number,
2013,Rajasthan,Suspected,76,value in absolute number,
2013,Sikkim,Suspected,0,value in absolute number,
2013,Tamil Nadu,Suspected,859,value in absolute number,
2013,Telangana,Suspected,0,value in absolute number,
2013,Tripura,Suspected,0,value in absolute number,
2013,Uttar Pradesh,Suspected,0,value in absolute number,
2013,Uttarakhand,Suspected,0,value in absolute number,
2013,West Bengal,Suspected,646,value in absolute number,
2013,Andaman and Nicobar Islands,Suspected,202,value in absolute number,
2013,Chandigarh,Suspected,1,value in absolute number,
2013,Dadra and Nagar Haveli,Suspected,2,value in absolute number,
2013,Lakshadweep,Suspected,0,value in absolute number,
2012,Andhra Pradesh,Suspected,2827,value in absolute number,
2012,Arunachal Pradesh,Suspected,0,value in absolute number,
2012,Assam,Suspected,0,value in absolute number,
2012,Bihar,Suspected,34,value in absolute number,
2012,Delhi,Suspected,6,value in absolute number,
2012,Goa,Suspected,571,value in absolute number,
2012,Gujarat,Suspected,1317,value in absolute number,
2012,Haryana,Suspected,9,value in absolute number,
2012,Jammu and Kashmir,Suspected,0,value in absolute number,
2012,Jharkhand,Suspected,86,value in absolute number,
2012,Karnataka,Suspected,2382,value in absolute number,
2012,Kerala,Suspected,66,value in absolute number,
2012,Madhya Pradesh,Suspected,20,value in absolute number,
2012,Meghalaya,Suspected,0,value in absolute number,
2012,Maharashtra,Suspected,1544,value in absolute number,
2012,Odisha,Suspected,129,value in absolute number,
2012,Punjab,Suspected,1,value in absolute number,
2012,Puducherry,Suspected,45,value in absolute number,
2012,Rajasthan,Suspected,172,value in absolute number,
2012,Sikkim,Suspected,0,value in absolute number,
2012,Tamil Nadu,Suspected,5018,value in absolute number,
2012,Telangana,Suspected,0,value in absolute number,
2012,Tripura,Suspected,0,value in absolute number,
2012,Uttar Pradesh,Suspected,13,value in absolute number,
2012,Uttarakhand,Suspected,0,value in absolute number,
2012,West Bengal,Suspected,1381,value in absolute number,
2012,Andaman and Nicobar Islands,Suspected,256,value in absolute number,
2012,Chandigarh,Suspected,0,value in absolute number,
2012,Dadra and Nagar Haveli,Suspected,100,value in absolute number,
2012,Lakshadweep,Suspected,0,value in absolute number,
2011,Andhra Pradesh,Suspected,99,value in absolute number,
2011,Arunachal Pradesh,Suspected,0,value in absolute number,
2011,Assam,Suspected,0,value in absolute number,
2011,Bihar,Suspected,91,value in absolute number,
2011,Delhi,Suspected,110,value in absolute number,
2011,Goa,Suspected,664,value in absolute number,
2011,Gujarat,Suspected,1042,value in absolute number,
2011,Haryana,Suspected,215,value in absolute number,
2011,Jammu and Kashmir,Suspected,0,value in absolute number,
2011,Jharkhand,Suspected,816,value in absolute number,
2011,Karnataka,Suspected,1941,value in absolute number,
2011,Kerala,Suspected,183,value in absolute number,
2011,Madhya Pradesh,Suspected,280,value in absolute number,
2011,Meghalaya,Suspected,168,value in absolute number,
2011,Maharashtra,Suspected,5113,value in absolute number,
2011,Odisha,Suspected,236,value in absolute number,
2011,Punjab,Suspected,0,value in absolute number,
2011,Puducherry,Suspected,42,value in absolute number,
2011,Rajasthan,Suspected,608,value in absolute number,
2011,Sikkim,Suspected,0,value in absolute number,
2011,Tamil Nadu,Suspected,4194,value in absolute number,
2011,Telangana,Suspected,0,value in absolute number,
2011,Tripura,Suspected,0,value in absolute number,
2011,Uttar Pradesh,Suspected,3,value in absolute number,
2011,Uttarakhand,Suspected,18,value in absolute number,
2011,West Bengal,Suspected,4482,value in absolute number,
2011,Andaman and Nicobar Islands,Suspected,96,value in absolute number,
2011,Chandigarh,Suspected,1,value in absolute number,
2011,Dadra and Nagar Haveli,Suspected,0,value in absolute number,
2011,Lakshadweep,Suspected,0,value in absolute number,
2010,Andhra Pradesh,Suspected,116,value in absolute number,
2010,Arunachal Pradesh,Suspected,0,value in absolute number,
2010,Assam,Suspected,0,value in absolute number,
2010,Bihar,Suspected,0,value in absolute number,
2010,Delhi,Suspected,120,value in absolute number,
2010,Goa,Suspected,1429,value in absolute number,
2010,Gujarat,Suspected,1709,value in absolute number,
2010,Haryana,Suspected,26,value in absolute number,
2010,Jammu and Kashmir,Suspected,0,value in absolute number,
2010,Jharkhand,Suspected,0,value in absolute number,
2010,Karnataka,Suspected,8740,value in absolute number,
2010,Kerala,Suspected,1708,value in absolute number,
2010,Madhya Pradesh,Suspected,113,value in absolute number,
2010,Meghalaya,Suspected,16,value in absolute number,
2010,Maharashtra,Suspected,7431,value in absolute number,
2010,Odisha,Suspected,544,value in absolute number,
2010,Punjab,Suspected,1,value in absolute number,
2010,Puducherry,Suspected,11,value in absolute number,
2010,Rajasthan,Suspected,1326,value in absolute number,
2010,Sikkim,Suspected,0,value in absolute number,
2010,Tamil Nadu,Suspected,4319,value in absolute number,
2010,Telangana,Suspected,0,value in absolute number,
2010,Tripura,Suspected,0,value in absolute number,
2010,Uttar Pradesh,Suspected,5,value in absolute number,
2010,Uttarakhand,Suspected,0,value in absolute number,
2010,West Bengal,Suspected,20503,value in absolute number,
2010,Andaman and Nicobar Islands,Suspected,59,value in absolute number,
2010,Chandigarh,Suspected,0,value in absolute number,
2010,Dadra and Nagar Haveli,Suspected,0,value in absolute number,
2010,Lakshadweep,Suspected,0,value in absolute number,
2009,Andhra Pradesh,Suspected,591,value in absolute number,
2009,Arunachal Pradesh,Suspected,0,value in absolute number,
2009,Assam,Suspected,0,value in absolute number,
2009,Bihar,Suspected,0,value in absolute number,
2009,Delhi,Suspected,18,value in absolute number,
2009,Goa,Suspected,1839,value in absolute number,
2009,Gujarat,Suspected,1740,value in absolute number,
2009,Haryana,Suspected,2,value in absolute number,
2009,Jammu and Kashmir,Suspected,0,value in absolute number,
2009,Jharkhand,Suspected,0,value in absolute number,
2009,Karnataka,Suspected,41230,value in absolute number,
2009,Kerala,Suspected,13349,value in absolute number,
2009,Madhya Pradesh,Suspected,30,value in absolute number,
2009,Meghalaya,Suspected,0,value in absolute number,
2009,Maharashtra,Suspected,1594,value in absolute number,
2009,Odisha,Suspected,2306,value in absolute number,
2009,Punjab,Suspected,0,value in absolute number,
2009,Puducherry,Suspected,0,value in absolute number,
2009,Rajasthan,Suspected,256,value in absolute number,
2009,Sikkim,Suspected,0,value in absolute number,
2009,Tamil Nadu,Suspected,5063,value in absolute number,
2009,Telangana,Suspected,0,value in absolute number,
2009,Tripura,Suspected,0,value in absolute number,
2009,Uttar Pradesh,Suspected,0,value in absolute number,
2009,Uttarakhand,Suspected,0,value in absolute number,
2009,West Bengal,Suspected,5270,value in absolute number,
2009,Andaman and Nicobar Islands,Suspected,0,value in absolute number,
2009,Chandigarh,Suspected,0,value in absolute number,
2009,Dadra and Nagar Haveli,Suspected,0,value in absolute number,
2009,Lakshadweep,Suspected,0,value in absolute number,
2008,Andhra Pradesh,Suspected,5,value in absolute number,
2008,Arunachal Pradesh,Suspected,0,value in absolute number,
2008,Assam,Suspected,0,value in absolute number,
2008,Bihar,Suspected,0,value in absolute number,
2008,Delhi,Suspected,14,value in absolute number,
2008,Goa,Suspected,52,value in absolute number,
2008,Gujarat,Suspected,303,value in absolute number,
2008,Haryana,Suspected,35,value in absolute number,
2008,Jammu and Kashmir,Suspected,0,value in absolute number,
2008,Jharkhand,Suspected,0,value in absolute number,
2008,Karnataka,Suspected,46510,value in absolute number,
2008,Kerala,Suspected,24685,value in absolute number,
2008,Madhya Pradesh,Suspected,0,value in absolute number,
2008,Meghalaya,Suspected,0,value in absolute number,
2008,Maharashtra,Suspected,853,value in absolute number,
2008,Odisha,Suspected,4676,value in absolute number,
2008,Punjab,Suspected,0,value in absolute number,
2008,Puducherry,Suspected,0,value in absolute number,
2008,Rajasthan,Suspected,3,value in absolute number,
2008,Sikkim,Suspected,0,value in absolute number,
2008,Tamil Nadu,Suspected,46,value in absolute number,
2008,Telangana,Suspected,0,value in absolute number,
2008,Tripura,Suspected,0,value in absolute number,
2008,Uttar Pradesh,Suspected,11,value in absolute number,
2008,Uttarakhand,Suspected,0,value in absolute number,
2008,West Bengal,Suspected,17898,value in absolute number,
2008,Andaman and Nicobar Islands,Suspected,0,value in absolute number,
2008,Chandigarh,Suspected,0,value in absolute number,
2008,Dadra and Nagar Haveli,Suspected,0,value in absolute number,
2008,Lakshadweep,Suspected,0,value in absolute number,
2007,Andhra Pradesh,Suspected,39,value in absolute number,
2007,Arunachal Pradesh,Suspected,0,value in absolute number,
2007,Assam,Suspected,0,value in absolute number,
2007,Bihar,Suspected,0,value in absolute number,
2007,Delhi,Suspected,203,value in absolute number,
2007,Goa,Suspected,93,value in absolute number,
2007,Gujarat,Suspected,3223,value in absolute number,
2007,Haryana,Suspected,20,value in absolute number,
2007,Jammu and Kashmir,Suspected,0,value in absolute number,
2007,Jharkhand,Suspected,0,value in absolute number,
2007,Karnataka,Suspected,1705,value in absolute number,
2007,Kerala,Suspected,24052,value in absolute number,
2007,Madhya Pradesh,Suspected,0,value in absolute number,
2007,Meghalaya,Suspected,0,value in absolute number,
2007,Maharashtra,Suspected,1762,value in absolute number,
2007,Odisha,Suspected,4065,value in absolute number,
2007,Punjab,Suspected,0,value in absolute number,
2007,Puducherry,Suspected,0,value in absolute number,
2007,Rajasthan,Suspected,2,value in absolute number,
2007,Sikkim,Suspected,0,value in absolute number,
2007,Tamil Nadu,Suspected,45,value in absolute number,
2007,Telangana,Suspected,0,value in absolute number,
2007,Tripura,Suspected,0,value in absolute number,
2007,Uttar Pradesh,Suspected,4,value in absolute number,
2007,Uttarakhand,Suspected,0,value in absolute number,
2007,West Bengal,Suspected,19138,value in absolute number,
2007,Andaman and Nicobar Islands,Suspected,0,value in absolute number,
2007,Chandigarh,Suspected,0,value in absolute number,
2007,Dadra and Nagar Haveli,Suspected,0,value in absolute number,
2007,Lakshadweep,Suspected,5184,value in absolute number,
2006,Andhra Pradesh,Suspected,77535,value in absolute number,
2006,Andhra Pradesh,Confirmed,248,value in absolute number,
2006,Arunachal Pradesh,Suspected,0,value in absolute number,
2006,Arunachal Pradesh,Confirmed,0,value in absolute number,
2006,Assam,Suspected,0,value in absolute number,
2006,Assam,Confirmed,0,value in absolute number,
2006,Bihar,Suspected,0,value in absolute number,
2006,Bihar,Confirmed,0,value in absolute number,
2006,Goa,Suspected,287,value in absolute number,
2006,Goa,Confirmed,2,value in absolute number,
2006,Gujarat,Suspected,75419,value in absolute number,
2006,Gujarat,Confirmed,225,value in absolute number,
2006,Haryana,Suspected,0,value in absolute number,
2006,Haryana,Confirmed,0,value in absolute number,
2006,Jharkhand,Suspected,0,value in absolute number,
2006,Jharkhand,Confirmed,0,value in absolute number,
2006,Karnataka,Suspected,762026,value in absolute number,
2006,Karnataka,Confirmed,298,value in absolute number,
2006,Kerala,Suspected,70731,value in absolute number,
2006,Kerala,Confirmed,43,value in absolute number,
2006,Madhya Pradesh,Suspected,60132,value in absolute number,
2006,Madhya Pradesh,Confirmed,106,value in absolute number,
2006,Meghalaya,Suspected,0,value in absolute number,
2006,Meghalaya,Confirmed,0,value in absolute number,
2006,Maharashtra,Suspected,270116,value in absolute number,
2006,Maharashtra,Confirmed,804,value in absolute number,
2006,Odisha,Suspected,6461,value in absolute number,
2006,Odisha,Confirmed,34,value in absolute number,
2006,Punjab,Suspected,0,value in absolute number,
2006,Punjab,Confirmed,0,value in absolute number,
2006,Rajasthan,Suspected,102,value in absolute number,
2006,Rajasthan,Confirmed,24,value in absolute number,
2006,Tamil Nadu,Suspected,64802,value in absolute number,
2006,Tamil Nadu,Confirmed,116,value in absolute number,
2006,Telangana,Suspected,0,value in absolute number,
2006,Telangana,Confirmed,0,value in absolute number,
2006,Tripura,Suspected,0,value in absolute number,
2006,Tripura,Confirmed,0,value in absolute number,
2006,Uttar Pradesh,Suspected,4,value in absolute number,
2006,Uttar Pradesh,Confirmed,4,value in absolute number,
2006,Uttarakhand,Suspected,0,value in absolute number,
2006,Uttarakhand,Confirmed,0,value in absolute number,
2006,West Bengal,Suspected,21,value in absolute number,
2006,West Bengal,Confirmed,21,value in absolute number,
2006,Andaman and Nicobar Islands,Suspected,1549,value in absolute number,
2006,Andaman and Nicobar Islands,Confirmed,0,value in absolute number,
2006,Chandigarh,Suspected,0,value in absolute number,
2006,Chandigarh,Confirmed,0,value in absolute number,
2006,Delhi,Suspected,560,value in absolute number,
2006,Delhi,Confirmed,67,value in absolute number,
2006,Dadra and Nagar Haveli,Suspected,0,value in absolute number,
2006,Dadra and Nagar Haveli,Confirmed,0,value in absolute number,
2006,Lakshadweep,Suspected,35,value in absolute number,
2006,Lakshadweep,Confirmed,0,value in absolute number,
2006,Puducherry,Suspected,542,value in absolute number,
2006,Puducherry,Confirmed,9,value in absolute number,