Company,Claim Settlement Ratio,Complaint Volume,Amount Settlement Ratio,Average Annual Business (in crores)
Life Insurance Corporation of India,98.71,10.5,95.1,"Rs.205,137"
Max Life Insurance Co. Ltd.,99.4,7.0,95.5,"Rs.7,897"
Aditya Birla Sun Life Insurance Co. Ltd.,98.08,7.1,93.9,"Rs.5,967"
Tata AIA Life Insurance Co. Ltd.,98.53,2.3,92.7,"Rs.6,014"
ICICI Prudential Life Insurance Co. Ltd.,97.09,14.3,92.1,"Rs.15,380"
Bajaj Allianz Life Insurance Co. Ltd.,98.85,5.0,93.0,"Rs.8,729"
SBI Life Insurance Co. Ltd.,95.8,3.8,90.2,"Rs.25,223"
Kotak Mahindra Life Insurance Co. Ltd.,98.61,5.8,93.1,"Rs.6,356"
HDFC Life Insurance Co. Ltd.,98.69,2.7,87.3,"Rs.24,315"
PNB MetLife India Insurance Co. Ltd.,98.2,57.0,91.5,"Rs.8,508"
